stock_id,name,per_latest,per_120d_high,per_120d_low,per_latest_is_prev,valuation_updated_at,valuation_status,valuation_reason,finmind_token_status,finmind_token_source,finmind_token_masked,finmind_user_count,finmind_api_request_limit,finmind_remain,finmind_usage_checked_at
0056,元大高股息,,,,False,2026-10-04 14:55:26,no_data,empty,ok,FINMIND_TOKEN,eyJ0...py2s,535,6000,5465,2026-10-04 14:55:27
00662,富邦NASDAQ,,,,False,2026-10-04 14:55:27,no_data,empty,ok,FINMIND_TOKEN,eyJ0...py2s,535,6000,5465,2026-10-04 14:55:27
00878,國泰永續高股息,,,,False,2026-10-04 14:55:27,no_data,empty,ok,FINMIND_TOKEN,eyJ0...py2s,535,6000,5465,2026-10-04 14:55:28
00892,富邦台灣半導體,,,,False,2026-10-04 14:55:28,no_data,empty,ok,FINMIND_TOKEN,eyJ0...py2s,535,6000,5465,2026-10-04 14:55:28
00919,群益台灣精選高息,,,,False,2026-10-04 14:55:28,no_data,empty,ok,FINMIND_TOKEN,eyJ0...py2s,535,6000,5465,2026-10-04 14:55:30
00941,中信上游半導體,,,,False,2026-10-04 14:55:30,no_data,empty,ok,FINMIND_TOKEN,eyJ0...py2s,535,6000,5465,2026-10-04 14:55:30
1101,台泥,0.0,0.0,0.0,False,2026-10-04 14:55:30,ok,,ok,FINMIND_TOKEN,eyJ0...py2s,535,6000,5465,2026-10-04 14:55:31
1216,統一,17.56,21.7,17.56,False,2026-10-04 14:55:31,ok,,ok,FINMIND_TOKEN,eyJ0...py2s,535,6000,5465,2026-10-04 14:55:31
1301,台塑,41.65,41.65,0.0,False,2026-10-04 14:55:31,ok,,ok,FINMIND_TOKEN,eyJ0...py2s,535,6000,5465,2026-10-04 14:55:32
1303,南亞,41.94,164.91,29.03,False,2026-10-04 14:55:32,ok,,ok,FINMIND_TOKEN,eyJ0...py2s,535,6000,5465,2026-10-04 14:55:32
1319,東陽,12.68,19.21,11.45,False,2026-10-04 14:55:32,ok,,ok,FINMIND_TOKEN,eyJ0...py2s,535,6000,5465,2026-10-04 14:55:33
1326,台化,30.38,478.0,0.0,False,2026-10-04 14:55:33,ok,,ok,FINMIND_TOKEN,eyJ0...py2s,535,6000,5465,2026-10-04 14:55:33
1402,遠東新,14.53,18.32,14.04,False,2026-10-04 14:55:33,ok,,ok,FINMIND_TOKEN,eyJ0...py2s,535,6000,5465,2026-10-04 14:55:34
1503,士電,27.13,39.94,26.72,False,2026-10-04 14:55:34,ok,,ok,FINMIND_TOKEN,eyJ0...py2s,535,6000,5465,2026-10-04 14:55:34
1504,東元,25.25,38.67,24.38,False,2026-10-04 14:55:34,ok,,ok,FINMIND_TOKEN,eyJ0...py2s,535,6000,5465,2026-10-04 14:55:35
1513,中興電,18.84,22.72,17.86,False,2026-10-04 14:55:35,ok,,ok,FINMIND_TOKEN,eyJ0...py2s,535,6000,5465,2026-10-04 14:55:35
1514,亞力,28.08,43.59,26.82,False,2026-10-04 14:55:35,ok,,ok,FINMIND_TOKEN,eyJ0...py2s,535,6000,5465,2026-10-04 14:55:36
1519,華城,45.29,65.83,44.88,False,2026-10-04 14:55:36,ok,,ok,FINMIND_TOKEN,eyJ0...py2s,535,6000,5465,2026-10-04 14:55:36
1532,勤美,17.97,22.37,17.44,False,2026-10-04 14:55:36,ok,,ok,FINMIND_TOKEN,eyJ0...py2s,535,6000,5465,2026-10-04 14:55:37
1560,中砂,86.31,86.31,54.44,False,2026-10-04 14:55:37,ok,,ok,FINMIND_TOKEN,eyJ0...py2s,535,6000,5465,2026-10-04 14:55:37
1590,亞德客-KY,22.67,36.9,22.67,False,2026-10-04 14:55:37,ok,,ok,FINMIND_TOKEN,eyJ0...py2s,535,6000,5465,2026-10-04 14:55:38
1605,華新,11.74,49.79,10.57,False,2026-10-04 14:55:38,ok,,ok,FINMIND_TOKEN,eyJ0...py2s,535,6000,5465,2026-10-04 14:55:38
1711,永光,330.77,340.0,0.0,False,2026-10-04 14:55:38,ok,,ok,FINMIND_TOKEN,eyJ0...py2s,535,6000,5465,2026-10-04 14:55:39
1717,長興,39.05,58.65,34.84,False,2026-10-04 14:55:39,ok,,ok,FINMIND_TOKEN,eyJ0...py2s,535,6000,5465,2026-10-04 14:55:39
1727,中華化,178.26,2080.0,108.84,False,2026-10-04 14:55:39,ok,,ok,FINMIND_TOKEN,eyJ0...py2s,535,6000,5465,2026-10-04 14:55:40
1785,光洋科,15.32,58.92,14.02,False,2026-10-04 14:55:40,ok,,ok,FINMIND_TOKEN,eyJ0...py2s,535,6000,5465,2026-10-04 14:55:40
1802,台玻,69.19,589.23,0.0,False,2026-10-04 14:55:40,ok,,ok,FINMIND_TOKEN,eyJ0...py2s,535,6000,5465,2026-10-04 14:55:41
1815,富喬,35.07,77.44,26.06,False,2026-10-04 14:55:41,ok,,ok,FINMIND_TOKEN,eyJ0...py2s,535,6000,5465,2026-10-04 14:55:41
2002,中鋼,0.0,0.0,0.0,False,2026-10-04 14:55:41,ok,,ok,FINMIND_TOKEN,eyJ0...py2s,535,6000,5465,2026-10-04 14:55:42
2059,川湖,66.96,83.69,32.31,False,2026-10-04 14:55:42,ok,,ok,FINMIND_TOKEN,eyJ0...py2s,535,6000,5465,2026-10-04 14:55:42
2207,和泰車,12.62,16.34,12.4,False,2026-10-04 14:55:42,ok,,ok,FINMIND_TOKEN,eyJ0...py2s,535,6000,5465,2026-10-04 14:55:43
2233,宇隆,25.04,60.85,23.05,False,2026-10-04 14:55:43,ok,,ok,FINMIND_TOKEN,eyJ0...py2s,535,6000,5465,2026-10-04 14:55:43
2301,光寶科,32.92,37.13,23.05,False,2026-10-04 14:55:43,ok,,ok,FINMIND_TOKEN,eyJ0...py2s,535,6000,5465,2026-10-04 14:55:44
2303,聯電,24.29,44.85,16.54,False,2026-10-04 14:55:44,ok,,ok,FINMIND_TOKEN,eyJ0...py2s,535,6000,5465,2026-10-04 14:55:44
2308,台達電,59.99,93.56,47.58,False,2026-10-04 14:55:44,ok,,ok,FINMIND_TOKEN,eyJ0...py2s,535,6000,5465,2026-10-04 14:55:44
2313,華通,36.39,52.65,27.16,False,2026-10-04 14:55:44,ok,,ok,FINMIND_TOKEN,eyJ0...py2s,535,6000,5465,2026-10-04 14:55:45
2317,鴻海,16.55,21.95,14.75,False,2026-10-04 14:55:45,ok,,ok,FINMIND_TOKEN,eyJ0...py2s,535,6000,5465,2026-10-04 14:55:45
2324,仁寶,18.19,35.38,18.12,False,2026-10-04 14:55:45,ok,,ok,FINMIND_TOKEN,eyJ0...py2s,535,6000,5465,2026-10-04 14:55:46
2327,國巨*,42.15,89.76,25.67,False,2026-10-04 14:55:46,ok,,ok,FINMIND_TOKEN,eyJ0...py2s,535,6000,5465,2026-10-04 14:55:46
2330,台積電,28.98,34.87,27.24,False,2026-10-04 14:55:46,ok,,ok,FINMIND_TOKEN,eyJ0...py2s,535,6000,5465,2026-10-04 14:55:47
2337,旺宏,28.91,32.46,0.0,False,2026-10-04 14:55:47,ok,,ok,FINMIND_TOKEN,eyJ0...py2s,535,6000,5465,2026-10-04 14:55:47
2338,光罩,0.0,0.0,0.0,False,2026-10-04 14:55:47,ok,,ok,FINMIND_TOKEN,eyJ0...py2s,535,6000,5465,2026-10-04 14:55:48
2344,華邦電,19.74,108.52,17.59,False,2026-10-04 14:55:48,ok,,ok,FINMIND_TOKEN,eyJ0...py2s,535,6000,5465,2026-10-04 14:55:48
2345,智邦,30.87,54.32,27.89,False,2026-10-04 14:55:48,ok,,ok,FINMIND_TOKEN,eyJ0...py2s,535,6000,5465,2026-10-04 14:55:49
2347,聯強,13.28,16.89,11.76,False,2026-10-04 14:55:49,ok,,ok,FINMIND_TOKEN,eyJ0...py2s,535,6000,5465,2026-10-04 14:55:49
2353,宏碁,18.69,32.88,18.01,False,2026-10-04 14:55:49,ok,,ok,FINMIND_TOKEN,eyJ0...py2s,535,6000,5465,2026-10-04 14:55:50
2356,英業達,19.03,32.47,18.37,False,2026-10-04 14:55:50,ok,,ok,FINMIND_TOKEN,eyJ0...py2s,535,6000,5465,2026-10-04 14:55:50
2357,華碩,14.06,16.64,9.63,False,2026-10-04 14:55:50,ok,,ok,FINMIND_TOKEN,eyJ0...py2s,535,6000,5465,2026-10-04 14:55:51
2360,致茂,55.87,88.41,50.0,False,2026-10-04 14:55:51,ok,,ok,FINMIND_TOKEN,eyJ0...py2s,535,6000,5465,2026-10-04 14:55:51
2367,燿華,0.0,107.25,0.0,False,2026-10-04 14:55:51,ok,,ok,FINMIND_TOKEN,eyJ0...py2s,535,6000,5465,2026-10-04 14:55:52
2368,金像電,39.66,77.85,32.55,False,2026-10-04 14:55:52,ok,,ok,FINMIND_TOKEN,eyJ0...py2s,535,6000,5465,2026-10-04 14:55:52
2376,技嘉,13.98,18.64,12.71,False,2026-10-04 14:55:52,ok,,ok,FINMIND_TOKEN,eyJ0...py2s,535,6000,5465,2026-10-04 14:55:52
2377,微星,13.44,16.2,10.97,False,2026-10-04 14:55:52,ok,,ok,FINMIND_TOKEN,eyJ0...py2s,535,6000,5465,2026-10-04 14:55:53
2379,瑞昱,27.34,32.4,18.31,False,2026-10-04 14:55:53,ok,,ok,FINMIND_TOKEN,eyJ0...py2s,535,6000,5465,2026-10-04 14:55:53
2382,廣達,14.47,20.97,14.01,False,2026-10-04 14:55:53,ok,,ok,FINMIND_TOKEN,eyJ0...py2s,535,6000,5465,2026-10-04 14:55:54
2383,台光電,81.08,131.89,67.47,False,2026-10-04 14:55:54,ok,,ok,FINMIND_TOKEN,eyJ0...py2s,535,6000,5465,2026-10-04 14:55:54
2395,研華,45.35,46.55,28.0,False,2026-10-04 14:55:54,ok,,ok,FINMIND_TOKEN,eyJ0...py2s,535,6000,5465,2026-10-04 14:55:55
2402,毅嘉,35.39,37.25,24.82,False,2026-10-04 14:55:55,ok,,ok,FINMIND_TOKEN,eyJ0...py2s,535,6000,5465,2026-10-04 14:55:55
2404,漢唐,19.38,25.74,15.16,False,2026-10-04 14:55:55,ok,,ok,FINMIND_TOKEN,eyJ0...py2s,535,6000,5465,2026-10-04 14:55:56
2406,國碩,173.33,174.72,0.0,False,2026-10-04 14:55:56,ok,,ok,FINMIND_TOKEN,eyJ0...py2s,535,6000,5465,2026-10-04 14:55:56
2408,南亞科,20.41,120.42,17.27,False,2026-10-04 14:55:56,ok,,ok,FINMIND_TOKEN,eyJ0...py2s,535,6000,5465,2026-10-04 14:55:57
2409,友達,168.54,168.54,18.63,False,2026-10-04 14:55:57,ok,,ok,FINMIND_TOKEN,eyJ0...py2s,535,6000,5465,2026-10-04 14:55:57
2412,中華電,28.68,29.13,26.44,False,2026-10-04 14:55:57,ok,,ok,FINMIND_TOKEN,eyJ0...py2s,535,6000,5465,2026-10-04 14:55:58
2449,京元電子,38.73,47.63,27.61,False,2026-10-04 14:55:58,ok,,ok,FINMIND_TOKEN,eyJ0...py2s,535,6000,5465,2026-10-04 14:55:58
2454,聯發科,81.75,87.28,24.55,False,2026-10-04 14:55:58,ok,,ok,FINMIND_TOKEN,eyJ0...py2s,535,6000,5465,2026-10-04 14:55:59
2455,全新,142.16,142.16,71.57,False,2026-10-04 14:55:59,ok,,ok,FINMIND_TOKEN,eyJ0...py2s,535,6000,5465,2026-10-04 14:55:59
2467,志聖,55.09,111.74,49.9,False,2026-10-04 14:55:59,ok,,ok,FINMIND_TOKEN,eyJ0...py2s,535,6000,5465,2026-10-04 14:56:00
2481,強茂,46.29,72.22,31.73,False,2026-10-04 14:56:00,ok,,ok,FINMIND_TOKEN,eyJ0...py2s,535,6000,5465,2026-10-04 14:56:00
2486,一詮,211.21,1395.45,194.4,False,2026-10-04 14:56:00,ok,,ok,FINMIND_TOKEN,eyJ0...py2s,535,6000,5465,2026-10-04 14:56:01
2492,華新科,40.62,118.2,27.32,False,2026-10-04 14:56:01,ok,,ok,FINMIND_TOKEN,eyJ0...py2s,535,6000,5465,2026-10-04 14:56:01
2603,長榮,9.52,10.36,6.22,False,2026-10-04 14:56:01,ok,,ok,FINMIND_TOKEN,eyJ0...py2s,535,6000,5465,2026-10-04 14:56:02
2609,陽明,13.45,17.82,10.03,False,2026-10-04 14:56:02,ok,,ok,FINMIND_TOKEN,eyJ0...py2s,535,6000,5465,2026-10-04 14:56:02
2615,萬海,7.76,8.69,6.22,False,2026-10-04 14:56:02,ok,,ok,FINMIND_TOKEN,eyJ0...py2s,535,6000,5465,2026-10-04 14:56:03
2618,長榮航,8.92,9.05,6.47,False,2026-10-04 14:56:03,ok,,ok,FINMIND_TOKEN,eyJ0...py2s,535,6000,5465,2026-10-04 14:56:03
2801,彰銀,16.24,17.41,12.53,False,2026-10-04 14:56:03,ok,,ok,FINMIND_TOKEN,eyJ0...py2s,535,6000,5465,2026-10-04 14:56:04
2834,臺企銀,12.83,13.93,12.02,False,2026-10-04 14:56:04,ok,,ok,FINMIND_TOKEN,eyJ0...py2s,535,6000,5465,2026-10-04 14:56:04
2880,華南金,19.42,21.45,14.3,False,2026-10-04 14:56:04,ok,,ok,FINMIND_TOKEN,eyJ0...py2s,535,6000,5465,2026-10-04 14:56:04
2881,富邦金,14.07,19.46,11.19,False,2026-10-04 14:56:04,ok,,ok,FINMIND_TOKEN,eyJ0...py2s,535,6000,5465,2026-10-04 14:56:05
2882,國泰金,13.15,17.53,10.89,False,2026-10-04 14:56:05,ok,,ok,FINMIND_TOKEN,eyJ0...py2s,535,6000,5465,2026-10-04 14:56:05
2883,凱基金,13.06,18.12,11.24,False,2026-10-04 14:56:05,ok,,ok,FINMIND_TOKEN,eyJ0...py2s,535,6000,5465,2026-10-04 14:56:06
2884,玉山金,18.82,19.63,13.95,False,2026-10-04 14:56:06,ok,,ok,FINMIND_TOKEN,eyJ0...py2s,535,6000,5465,2026-10-04 14:56:06
2885,元大金,15.64,22.0,14.61,False,2026-10-04 14:56:06,ok,,ok,FINMIND_TOKEN,eyJ0...py2s,535,6000,5465,2026-10-04 14:56:07
2886,兆豐金,19.01,21.59,16.02,False,2026-10-04 14:56:07,ok,,ok,FINMIND_TOKEN,eyJ0...py2s,535,6000,5465,2026-10-04 14:56:07
2887,台新新光金,15.02,18.5,12.06,False,2026-10-04 14:56:07,ok,,ok,FINMIND_TOKEN,eyJ0...py2s,535,6000,5465,2026-10-04 14:56:08
2890,永豐金,16.62,20.05,14.11,False,2026-10-04 14:56:08,ok,,ok,FINMIND_TOKEN,eyJ0...py2s,535,6000,5465,2026-10-04 14:56:08
2891,中信金,16.1,17.45,13.08,False,2026-10-04 14:56:08,ok,,ok,FINMIND_TOKEN,eyJ0...py2s,535,6000,5465,2026-10-04 14:56:09
2892,第一金,18.01,19.04,13.97,False,2026-10-04 14:56:09,ok,,ok,FINMIND_TOKEN,eyJ0...py2s,535,6000,5465,2026-10-04 14:56:09
2912,統一超,18.96,22.42,18.82,False,2026-10-04 14:56:09,ok,,ok,FINMIND_TOKEN,eyJ0...py2s,535,6000,5465,2026-10-04 14:56:10
3008,大立光,33.45,41.54,15.17,False,2026-10-04 14:56:10,ok,,ok,FINMIND_TOKEN,eyJ0...py2s,535,6000,5465,2026-10-04 14:56:10
3017,奇鋐,45.85,60.2,34.42,False,2026-10-04 14:56:10,ok,,ok,FINMIND_TOKEN,eyJ0...py2s,535,6000,5465,2026-10-04 14:56:11
3034,聯詠,18.74,23.24,14.68,False,2026-10-04 14:56:11,ok,,ok,FINMIND_TOKEN,eyJ0...py2s,535,6000,5465,2026-10-04 14:56:11
3035,智原,84.84,123.94,53.02,False,2026-10-04 14:56:11,ok,,ok,FINMIND_TOKEN,eyJ0...py2s,535,6000,5465,2026-10-04 14:56:12
3036,文曄,10.96,29.34,9.6,False,2026-10-04 14:56:12,ok,,ok,FINMIND_TOKEN,eyJ0...py2s,535,6000,5465,2026-10-04 14:56:12
3037,欣興,86.88,194.21,45.81,False,2026-10-04 14:56:12,ok,,ok,FINMIND_TOKEN,eyJ0...py2s,535,6000,5465,2026-10-04 14:56:13
3044,健鼎,23.22,27.84,16.5,False,2026-10-04 14:56:13,ok,,ok,FINMIND_TOKEN,eyJ0...py2s,535,6000,5465,2026-10-04 14:56:13
3045,台灣大,23.06,24.44,20.42,False,2026-10-04 14:56:13,ok,,ok,FINMIND_TOKEN,eyJ0...py2s,535,6000,5465,2026-10-04 14:56:14
3081,聯亞,251.72,629.83,188.57,False,2026-10-04 14:56:14,ok,,ok,FINMIND_TOKEN,eyJ0...py2s,535,6000,5465,2026-10-04 14:56:15
3105,穩懋,69.45,154.25,41.72,False,2026-10-04 14:56:15,ok,,ok,FINMIND_TOKEN,eyJ0...py2s,535,6000,5465,2026-10-04 14:56:15
3131,弘塑,43.02,76.63,40.01,False,2026-10-04 14:56:15,ok,,ok,FINMIND_TOKEN,eyJ0...py2s,535,6000,5465,2026-10-04 14:56:16
3138,耀登,39.48,129.41,34.33,False,2026-10-04 14:56:16,ok,,ok,FINMIND_TOKEN,eyJ0...py2s,535,6000,5465,2026-10-04 14:56:16
3149,正達,0.0,0.0,0.0,False,2026-10-04 14:56:16,ok,,ok,FINMIND_TOKEN,eyJ0...py2s,535,6000,5465,2026-10-04 14:56:17
3163,波若威,72.76,208.2,57.29,False,2026-10-04 14:56:17,ok,,ok,FINMIND_TOKEN,eyJ0...py2s,535,6000,5465,2026-10-04 14:56:17
3167,大量,68.79,106.3,43.08,False,2026-10-04 14:56:17,ok,,ok,FINMIND_TOKEN,eyJ0...py2s,535,6000,5465,2026-10-04 14:56:17
3178,公準,223.13,237.19,0.0,False,2026-10-04 14:56:17,ok,,ok,FINMIND_TOKEN,eyJ0...py2s,535,6000,5465,2026-10-04 14:56:18
3189,景碩,194.81,250.99,105.01,False,2026-10-04 14:56:18,ok,,ok,FINMIND_TOKEN,eyJ0...py2s,535,6000,5465,2026-10-04 14:56:18
3211,順達,53.5,55.53,33.97,False,2026-10-04 14:56:18,ok,,ok,FINMIND_TOKEN,eyJ0...py2s,535,6000,5465,2026-10-04 14:56:19
3227,原相,15.82,21.62,15.19,False,2026-10-04 14:56:19,ok,,ok,FINMIND_TOKEN,eyJ0...py2s,535,6000,5465,2026-10-04 14:56:19
3231,緯創,14.81,19.56,13.29,False,2026-10-04 14:56:19,ok,,ok,FINMIND_TOKEN,eyJ0...py2s,535,6000,5465,2026-10-04 14:56:20
3234,光環,0.0,0.0,0.0,False,2026-10-04 14:56:20,ok,,ok,FINMIND_TOKEN,eyJ0...py2s,535,6000,5465,2026-10-04 14:56:20
3260,威剛,4.94,20.88,4.87,False,2026-10-04 14:56:20,ok,,ok,FINMIND_TOKEN,eyJ0...py2s,535,6000,5465,2026-10-04 14:56:21
3264,欣銓,31.98,39.84,21.02,False,2026-10-04 14:56:21,ok,,ok,FINMIND_TOKEN,eyJ0...py2s,535,6000,5465,2026-10-04 14:56:21
3265,台星科,26.37,33.95,21.53,False,2026-10-04 14:56:21,ok,,ok,FINMIND_TOKEN,eyJ0...py2s,535,6000,5465,2026-10-04 14:56:22
3289,宜特,31.36,43.76,26.81,False,2026-10-04 14:56:22,ok,,ok,FINMIND_TOKEN,eyJ0...py2s,535,6000,5465,2026-10-04 14:56:22
3293,鈊象,18.28,20.51,16.01,False,2026-10-04 14:56:22,ok,,ok,FINMIND_TOKEN,eyJ0...py2s,535,6000,5465,2026-10-04 14:56:23
3324,雙鴻,34.71,42.99,22.35,False,2026-10-04 14:56:23,ok,,ok,FINMIND_TOKEN,eyJ0...py2s,535,6000,5465,2026-10-04 14:56:23
3357,臺慶科,20.22,35.8,15.64,False,2026-10-04 14:56:23,ok,,ok,FINMIND_TOKEN,eyJ0...py2s,535,6000,5465,2026-10-04 14:56:24
3362,先進光,0.0,0.0,0.0,False,2026-10-04 14:56:24,ok,,ok,FINMIND_TOKEN,eyJ0...py2s,535,6000,5465,2026-10-04 14:56:24
3363,上詮,0.0,6187.5,0.0,False,2026-10-04 14:56:24,ok,,ok,FINMIND_TOKEN,eyJ0...py2s,535,6000,5465,2026-10-04 14:56:25
3374,精材,73.39,81.32,33.87,False,2026-10-04 14:56:25,ok,,ok,FINMIND_TOKEN,eyJ0...py2s,535,6000,5465,2026-10-04 14:56:25
3376,新日興,120.0,348.53,117.79,False,2026-10-04 14:56:25,ok,,ok,FINMIND_TOKEN,eyJ0...py2s,535,6000,5465,2026-10-04 14:56:26
3443,創意,202.51,218.53,88.7,False,2026-10-04 14:56:26,ok,,ok,FINMIND_TOKEN,eyJ0...py2s,535,6000,5465,2026-10-04 14:56:26
3450,聯鈞,110.14,182.14,60.18,False,2026-10-04 14:56:26,ok,,ok,FINMIND_TOKEN,eyJ0...py2s,535,6000,5465,2026-10-04 14:56:27
3481,群創,67.69,1250.0,58.27,False,2026-10-04 14:56:27,ok,,ok,FINMIND_TOKEN,eyJ0...py2s,535,6000,5465,2026-10-04 14:56:28
3491,昇達科,118.04,240.7,97.38,False,2026-10-04 14:56:28,ok,,ok,FINMIND_TOKEN,eyJ0...py2s,535,6000,5465,2026-10-04 14:56:29
3526,凡甲,15.46,22.56,14.75,False,2026-10-04 14:56:29,ok,,ok,FINMIND_TOKEN,eyJ0...py2s,535,6000,5465,2026-10-04 14:56:29
3529,力旺,106.34,171.88,72.29,False,2026-10-04 14:56:29,ok,,ok,FINMIND_TOKEN,eyJ0...py2s,535,6000,5465,2026-10-04 14:56:30
3532,台勝科,365.77,662.03,108.54,False,2026-10-04 14:56:30,ok,,ok,FINMIND_TOKEN,eyJ0...py2s,535,6000,5465,2026-10-04 14:56:30
3533,嘉澤,22.62,40.56,18.41,False,2026-10-04 14:56:30,ok,,ok,FINMIND_TOKEN,eyJ0...py2s,535,6000,5465,2026-10-04 14:56:31
3563,牧德,44.6,60.57,32.92,False,2026-10-04 14:56:31,ok,,ok,FINMIND_TOKEN,eyJ0...py2s,535,6000,5465,2026-10-04 14:56:31
3583,辛耘,44.23,65.49,40.27,False,2026-10-04 14:56:31,ok,,ok,FINMIND_TOKEN,eyJ0...py2s,535,6000,5465,2026-10-04 14:56:32
3587,閎康,37.23,60.49,27.76,False,2026-10-04 14:56:32,ok,,ok,FINMIND_TOKEN,eyJ0...py2s,535,6000,5465,2026-10-04 14:56:32
3605,宏致,44.87,48.29,15.79,False,2026-10-04 14:56:32,ok,,ok,FINMIND_TOKEN,eyJ0...py2s,535,6000,5465,2026-10-04 14:56:33
3645,達邁,28.57,74.84,24.75,False,2026-10-04 14:56:33,ok,,ok,FINMIND_TOKEN,eyJ0...py2s,535,6000,5465,2026-10-04 14:56:33
3653,健策,153.46,156.17,83.82,False,2026-10-04 14:56:33,ok,,ok,FINMIND_TOKEN,eyJ0...py2s,535,6000,5465,2026-10-04 14:56:34
3661,世芯-KY,55.88,78.78,40.82,False,2026-10-04 14:56:34,ok,,ok,FINMIND_TOKEN,eyJ0...py2s,535,6000,5465,2026-10-04 14:56:34
3665,貿聯-KY,46.64,63.66,34.43,False,2026-10-04 14:56:34,ok,,ok,FINMIND_TOKEN,eyJ0...py2s,535,6000,5465,2026-10-04 14:56:35
3673,TPK-KY,17.6,26.61,13.43,False,2026-10-04 14:56:35,ok,,ok,FINMIND_TOKEN,eyJ0...py2s,535,6000,5465,2026-10-04 14:56:35
3675,德微,62.94,159.57,45.28,False,2026-10-04 14:56:35,ok,,ok,FINMIND_TOKEN,eyJ0...py2s,535,6000,5465,2026-10-04 14:56:36
3680,家登,37.12,65.32,31.0,False,2026-10-04 14:56:36,ok,,ok,FINMIND_TOKEN,eyJ0...py2s,535,6000,5465,2026-10-04 14:56:36
3693,營邦,43.0,73.4,32.94,False,2026-10-04 14:56:36,ok,,ok,FINMIND_TOKEN,eyJ0...py2s,535,6000,5465,2026-10-04 14:56:37
3701,大眾控,0.0,0.0,0.0,False,2026-10-04 14:56:37,ok,,ok,FINMIND_TOKEN,eyJ0...py2s,535,6000,5465,2026-10-04 14:56:37
3702,大聯大,10.19,18.94,8.53,False,2026-10-04 14:56:37,ok,,ok,FINMIND_TOKEN,eyJ0...py2s,535,6000,5465,2026-10-04 14:56:38
3707,漢磊,0.0,0.0,0.0,False,2026-10-04 14:56:38,ok,,ok,FINMIND_TOKEN,eyJ0...py2s,535,6000,5465,2026-10-04 14:56:39
3711,日月光投控,51.59,67.5,42.26,False,2026-10-04 14:56:39,ok,,ok,FINMIND_TOKEN,eyJ0...py2s,535,6000,5465,2026-10-04 14:56:39
3715,定穎投控,0.0,200.52,0.0,False,2026-10-04 14:56:39,ok,,ok,FINMIND_TOKEN,eyJ0...py2s,535,6000,5465,2026-10-04 14:56:40
3718,中光電投控,,,,False,2026-10-04 14:56:40,no_data,empty,ok,FINMIND_TOKEN,eyJ0...py2s,535,6000,5465,2026-10-04 14:56:40
4105,東洋,11.32,12.21,10.92,False,2026-10-04 14:56:40,ok,,ok,FINMIND_TOKEN,eyJ0...py2s,535,6000,5465,2026-10-04 14:56:41
4123,晟德,23.46,29.32,2.62,False,2026-10-04 14:56:41,ok,,ok,FINMIND_TOKEN,eyJ0...py2s,535,6000,5465,2026-10-04 14:56:41
4147,中裕,0.0,0.0,0.0,False,2026-10-04 14:56:41,ok,,ok,FINMIND_TOKEN,eyJ0...py2s,535,6000,5465,2026-10-04 14:56:42
4506,崇友,15.18,18.63,15.18,False,2026-10-04 14:56:42,ok,,ok,FINMIND_TOKEN,eyJ0...py2s,535,6000,5465,2026-10-04 14:56:42
4728,雙美,26.48,30.31,25.87,False,2026-10-04 14:56:42,ok,,ok,FINMIND_TOKEN,eyJ0...py2s,535,6000,5465,2026-10-04 14:56:43
4743,合一,362.69,384.62,0.0,False,2026-10-04 14:56:43,ok,,ok,FINMIND_TOKEN,eyJ0...py2s,535,6000,5465,2026-10-04 14:56:44
4749,新應材,60.9,103.71,52.37,False,2026-10-04 14:56:44,ok,,ok,FINMIND_TOKEN,eyJ0...py2s,535,6000,5465,2026-10-04 14:56:44
4755,三福化,26.58,45.01,24.18,False,2026-10-04 14:56:44,ok,,ok,FINMIND_TOKEN,eyJ0...py2s,535,6000,5465,2026-10-04 14:56:45
4768,晶呈科技,0.0,1379.49,0.0,False,2026-10-04 14:56:45,ok,,ok,FINMIND_TOKEN,eyJ0...py2s,535,6000,5465,2026-10-04 14:56:45
4772,台特化,50.81,77.86,42.06,False,2026-10-04 14:56:45,ok,,ok,FINMIND_TOKEN,eyJ0...py2s,535,6000,5465,2026-10-04 14:56:46
4904,遠傳,25.79,28.55,23.58,False,2026-10-04 14:56:46,ok,,ok,FINMIND_TOKEN,eyJ0...py2s,535,6000,5465,2026-10-04 14:56:46
4916,事欣科,16.0,42.64,13.26,False,2026-10-04 14:56:46,ok,,ok,FINMIND_TOKEN,eyJ0...py2s,535,6000,5465,2026-10-04 14:56:47
4931,新盛力,42.28,87.07,37.75,False,2026-10-04 14:56:47,ok,,ok,FINMIND_TOKEN,eyJ0...py2s,535,6000,5465,2026-10-04 14:56:48
4938,和碩,15.04,22.64,14.53,False,2026-10-04 14:56:48,ok,,ok,FINMIND_TOKEN,eyJ0...py2s,535,6000,5465,2026-10-04 14:56:48
4958,臻鼎-KY,66.39,91.11,39.61,False,2026-10-04 14:56:48,ok,,ok,FINMIND_TOKEN,eyJ0...py2s,535,6000,5465,2026-10-04 14:56:49
4966,譜瑞-KY,18.26,26.88,15.07,False,2026-10-04 14:56:49,ok,,ok,FINMIND_TOKEN,eyJ0...py2s,535,6000,5465,2026-10-04 14:56:49
4971,IET-KY,146.38,528.48,62.08,False,2026-10-04 14:56:49,ok,,ok,FINMIND_TOKEN,eyJ0...py2s,535,6000,5465,2026-10-04 14:56:50
4977,眾達-KY,52.7,61.2,23.61,False,2026-10-04 14:56:50,ok,,ok,FINMIND_TOKEN,eyJ0...py2s,535,6000,5465,2026-10-04 14:56:50
4979,華星光,95.74,132.23,61.48,False,2026-10-04 14:56:50,ok,,ok,FINMIND_TOKEN,eyJ0...py2s,535,6000,5465,2026-10-04 14:56:51
4991,環宇-KY,166.36,4960.0,130.22,False,2026-10-04 14:56:51,ok,,ok,FINMIND_TOKEN,eyJ0...py2s,535,6000,5465,2026-10-04 14:56:51
5009,榮剛,15.76,19.0,14.0,False,2026-10-04 14:56:51,ok,,ok,FINMIND_TOKEN,eyJ0...py2s,535,6000,5465,2026-10-04 14:56:52
5222,全訊,56.28,74.33,51.82,False,2026-10-04 14:56:52,ok,,ok,FINMIND_TOKEN,eyJ0...py2s,535,6000,5465,2026-10-04 14:56:52
5234,達興材料,37.23,62.69,33.71,False,2026-10-04 14:56:52,ok,,ok,FINMIND_TOKEN,eyJ0...py2s,535,6000,5465,2026-10-04 14:56:53
5274,信驊,125.68,179.95,100.83,False,2026-10-04 14:56:53,ok,,ok,FINMIND_TOKEN,eyJ0...py2s,535,6000,5465,2026-10-04 14:56:53
5289,宜鼎,7.19,73.66,7.0,False,2026-10-04 14:56:53,ok,,ok,FINMIND_TOKEN,eyJ0...py2s,535,6000,5465,2026-10-04 14:56:54
5314,世紀*,6.46,14.57,3.5,False,2026-10-04 14:56:54,ok,,ok,FINMIND_TOKEN,eyJ0...py2s,535,6000,5465,2026-10-04 14:56:55
5340,建榮,45.71,112.61,38.63,False,2026-10-04 14:56:55,ok,,ok,FINMIND_TOKEN,eyJ0...py2s,535,6000,5465,2026-10-04 14:56:55
5347,世界,40.48,53.01,28.95,False,2026-10-04 14:56:55,ok,,ok,FINMIND_TOKEN,eyJ0...py2s,535,6000,5465,2026-10-04 14:56:56
5351,鈺創,17.96,107.73,0.0,False,2026-10-04 14:56:56,ok,,ok,FINMIND_TOKEN,eyJ0...py2s,535,6000,5465,2026-10-04 14:56:56
5425,台半,37.09,67.29,27.78,False,2026-10-04 14:56:56,ok,,ok,FINMIND_TOKEN,eyJ0...py2s,535,6000,5465,2026-10-04 14:56:57
5439,高技,13.99,32.13,12.11,False,2026-10-04 14:56:57,ok,,ok,FINMIND_TOKEN,eyJ0...py2s,535,6000,5465,2026-10-04 14:56:57
5443,均豪,50.0,57.89,34.34,False,2026-10-04 14:56:57,ok,,ok,FINMIND_TOKEN,eyJ0...py2s,535,6000,5465,2026-10-04 14:56:58
5475,德宏,139.92,1391.3,0.0,False,2026-10-04 14:56:58,ok,,ok,FINMIND_TOKEN,eyJ0...py2s,535,6000,5465,2026-10-04 14:56:58
5483,中美晶,24.69,39.49,17.88,False,2026-10-04 14:56:58,ok,,ok,FINMIND_TOKEN,eyJ0...py2s,535,6000,5465,2026-10-04 14:56:59
5530,龍巖,14.54,19.71,14.54,False,2026-10-04 14:56:59,ok,,ok,FINMIND_TOKEN,eyJ0...py2s,535,6000,5465,2026-10-04 14:56:59
5536,聖暉*,23.89,39.86,20.41,False,2026-10-04 14:56:59,ok,,ok,FINMIND_TOKEN,eyJ0...py2s,535,6000,5465,2026-10-04 14:57:00
5864,致和證,2.81,14.34,2.08,False,2026-10-04 14:57:00,ok,,ok,FINMIND_TOKEN,eyJ0...py2s,535,6000,5465,2026-10-04 14:57:00
5871,中租-KY,9.8,11.56,9.8,False,2026-10-04 14:57:00,ok,,ok,FINMIND_TOKEN,eyJ0...py2s,535,6000,5465,2026-10-04 14:57:01
5876,上海商銀,13.83,14.92,12.12,False,2026-10-04 14:57:01,ok,,ok,FINMIND_TOKEN,eyJ0...py2s,535,6000,5465,2026-10-04 14:57:01
5880,合庫金,17.09,19.71,16.21,False,2026-10-04 14:57:01,ok,,ok,FINMIND_TOKEN,eyJ0...py2s,535,6000,5465,2026-10-04 14:57:02
5903,全家,23.69,27.3,23.38,False,2026-10-04 14:57:02,ok,,ok,FINMIND_TOKEN,eyJ0...py2s,535,6000,5465,2026-10-04 14:57:02
5904,寶雅*,20.12,211.76,16.6,False,2026-10-04 14:57:02,ok,,ok,FINMIND_TOKEN,eyJ0...py2s,535,6000,5465,2026-10-04 14:57:03
6005,群益證,5.95,12.58,5.73,False,2026-10-04 14:57:03,ok,,ok,FINMIND_TOKEN,eyJ0...py2s,535,6000,5465,2026-10-04 14:57:03
6016,康和證,3.13,12.15,2.66,False,2026-10-04 14:57:03,ok,,ok,FINMIND_TOKEN,eyJ0...py2s,535,6000,5465,2026-10-04 14:57:04
6023,元大期,9.36,12.62,9.06,False,2026-10-04 14:57:04,ok,,ok,FINMIND_TOKEN,eyJ0...py2s,535,6000,5465,2026-10-04 14:57:04
6121,新普,11.57,15.74,11.22,False,2026-10-04 14:57:04,ok,,ok,FINMIND_TOKEN,eyJ0...py2s,535,6000,5465,2026-10-04 14:57:05
6138,茂達,19.13,32.28,16.95,False,2026-10-04 14:57:05,ok,,ok,FINMIND_TOKEN,eyJ0...py2s,535,6000,5465,2026-10-04 14:57:05
6139,亞翔,15.61,26.51,14.02,False,2026-10-04 14:57:05,ok,,ok,FINMIND_TOKEN,eyJ0...py2s,535,6000,5465,2026-10-04 14:57:06
6146,耕興,16.08,22.14,15.38,False,2026-10-04 14:57:06,ok,,ok,FINMIND_TOKEN,eyJ0...py2s,535,6000,5465,2026-10-04 14:57:06
6147,頎邦,53.86,89.33,28.34,False,2026-10-04 14:57:06,ok,,ok,FINMIND_TOKEN,eyJ0...py2s,535,6000,5465,2026-10-04 14:57:07
6155,鈞寶,40.28,197.0,29.56,False,2026-10-04 14:57:07,ok,,ok,FINMIND_TOKEN,eyJ0...py2s,535,6000,5465,2026-10-04 14:57:07
6173,信昌電,57.06,93.97,22.02,False,2026-10-04 14:57:07,ok,,ok,FINMIND_TOKEN,eyJ0...py2s,535,6000,5465,2026-10-04 14:57:08
6182,合晶,586.96,4737.5,397.78,False,2026-10-04 14:57:08,ok,,ok,FINMIND_TOKEN,eyJ0...py2s,535,6000,5465,2026-10-04 14:57:08
6187,萬潤,70.24,89.91,54.43,False,2026-10-04 14:57:08,ok,,ok,FINMIND_TOKEN,eyJ0...py2s,535,6000,5465,2026-10-04 14:57:09
6188,廣明,22.21,28.45,20.03,False,2026-10-04 14:57:09,ok,,ok,FINMIND_TOKEN,eyJ0...py2s,535,6000,5465,2026-10-04 14:57:09
6190,萬泰科,31.19,50.83,28.22,False,2026-10-04 14:57:09,ok,,ok,FINMIND_TOKEN,eyJ0...py2s,535,6000,5465,2026-10-04 14:57:10
6196,帆宣,27.99,37.58,21.6,False,2026-10-04 14:57:10,ok,,ok,FINMIND_TOKEN,eyJ0...py2s,535,6000,5465,2026-10-04 14:57:10
6207,雷科,97.37,262.7,61.33,False,2026-10-04 14:57:10,ok,,ok,FINMIND_TOKEN,eyJ0...py2s,535,6000,5465,2026-10-04 14:57:11
6213,聯茂,105.89,105.89,49.04,False,2026-10-04 14:57:11,ok,,ok,FINMIND_TOKEN,eyJ0...py2s,535,6000,5465,2026-10-04 14:57:11
6217,中探針,0.0,0.0,0.0,False,2026-10-04 14:57:11,ok,,ok,FINMIND_TOKEN,eyJ0...py2s,535,6000,5465,2026-10-04 14:57:12
6223,旺矽,113.7,196.49,107.71,False,2026-10-04 14:57:12,ok,,ok,FINMIND_TOKEN,eyJ0...py2s,535,6000,5465,2026-10-04 14:57:12
6239,力成,30.5,45.12,25.54,False,2026-10-04 14:57:12,ok,,ok,FINMIND_TOKEN,eyJ0...py2s,535,6000,5465,2026-10-04 14:57:13
6243,迅杰,0.0,0.0,0.0,False,2026-10-04 14:57:13,ok,,ok,FINMIND_TOKEN,eyJ0...py2s,535,6000,5465,2026-10-04 14:57:13
6257,矽格,30.12,40.81,23.1,False,2026-10-04 14:57:13,ok,,ok,FINMIND_TOKEN,eyJ0...py2s,535,6000,5465,2026-10-04 14:57:14
6274,台燿,82.28,137.28,51.3,False,2026-10-04 14:57:14,ok,,ok,FINMIND_TOKEN,eyJ0...py2s,535,6000,5465,2026-10-04 14:57:14
6278,台表科,21.99,28.14,12.14,False,2026-10-04 14:57:14,ok,,ok,FINMIND_TOKEN,eyJ0...py2s,535,6000,5465,2026-10-04 14:57:15
6282,康舒,36.23,307.78,34.06,False,2026-10-04 14:57:15,ok,,ok,FINMIND_TOKEN,eyJ0...py2s,535,6000,5465,2026-10-04 14:57:15
6285,啟碁,26.07,47.05,23.99,False,2026-10-04 14:57:15,ok,,ok,FINMIND_TOKEN,eyJ0...py2s,535,6000,5465,2026-10-04 14:57:16
6290,良維,29.5,42.82,22.11,False,2026-10-04 14:57:16,ok,,ok,FINMIND_TOKEN,eyJ0...py2s,535,6000,5465,2026-10-04 14:57:16
6291,沛亨,42.57,79.32,31.61,False,2026-10-04 14:57:16,ok,,ok,FINMIND_TOKEN,eyJ0...py2s,535,6000,5465,2026-10-04 14:57:17
6412,群電,12.36,20.38,12.14,False,2026-10-04 14:57:17,ok,,ok,FINMIND_TOKEN,eyJ0...py2s,535,6000,5465,2026-10-04 14:57:17
6415,矽力*-KY,43.15,90.46,40.71,False,2026-10-04 14:57:17,ok,,ok,FINMIND_TOKEN,eyJ0...py2s,535,6000,5465,2026-10-04 14:57:18
6442,光聖,48.08,103.72,39.61,False,2026-10-04 14:57:18,ok,,ok,FINMIND_TOKEN,eyJ0...py2s,535,6000,5465,2026-10-04 14:57:18
6446,藥華藥,57.05,95.92,44.59,False,2026-10-04 14:57:18,ok,,ok,FINMIND_TOKEN,eyJ0...py2s,535,6000,5465,2026-10-04 14:57:19
6451,訊芯-KY,393.58,2003.85,0.0,False,2026-10-04 14:57:19,ok,,ok,FINMIND_TOKEN,eyJ0...py2s,535,6000,5465,2026-10-04 14:57:19
6488,環球晶,57.77,93.46,32.67,False,2026-10-04 14:57:19,ok,,ok,FINMIND_TOKEN,eyJ0...py2s,535,6000,5465,2026-10-04 14:57:20
6505,台塑化,17.36,54.23,11.65,False,2026-10-04 14:57:20,ok,,ok,FINMIND_TOKEN,eyJ0...py2s,535,6000,5465,2026-10-04 14:57:20
6510,精測,72.41,138.11,53.54,False,2026-10-04 14:57:20,ok,,ok,FINMIND_TOKEN,eyJ0...py2s,535,6000,5465,2026-10-04 14:57:21
6515,穎崴,99.38,232.55,92.91,False,2026-10-04 14:57:21,ok,,ok,FINMIND_TOKEN,eyJ0...py2s,535,6000,5465,2026-10-04 14:57:21
6526,達發,46.31,46.59,27.48,False,2026-10-04 14:57:21,ok,,ok,FINMIND_TOKEN,eyJ0...py2s,535,6000,5465,2026-10-04 14:57:22
6531,愛普*,57.67,124.84,47.92,False,2026-10-04 14:57:22,ok,,ok,FINMIND_TOKEN,eyJ0...py2s,535,6000,5465,2026-10-04 14:57:22
6547,高端疫苗,0.0,0.0,0.0,False,2026-10-04 14:57:22,ok,,ok,FINMIND_TOKEN,eyJ0...py2s,535,6000,5465,2026-10-04 14:57:23
6548,長科*,34.55,59.82,29.57,False,2026-10-04 14:57:23,ok,,ok,FINMIND_TOKEN,eyJ0...py2s,535,6000,5465,2026-10-04 14:57:23
6561,是方,20.84,23.85,19.94,False,2026-10-04 14:57:23,ok,,ok,FINMIND_TOKEN,eyJ0...py2s,535,6000,5465,2026-10-04 14:57:24
6584,南俊國際,50.43,144.01,50.43,False,2026-10-04 14:57:24,ok,,ok,FINMIND_TOKEN,eyJ0...py2s,535,6000,5465,2026-10-04 14:57:24
6613,朋億*,16.62,27.41,14.64,False,2026-10-04 14:57:24,ok,,ok,FINMIND_TOKEN,eyJ0...py2s,535,6000,5465,2026-10-04 14:57:25
6617,共信-KY,0.0,0.0,0.0,False,2026-10-04 14:57:25,ok,,ok,FINMIND_TOKEN,eyJ0...py2s,535,6000,5465,2026-10-04 14:57:25
6620,漢達,49.83,51.74,14.33,False,2026-10-04 14:57:25,ok,,ok,FINMIND_TOKEN,eyJ0...py2s,535,6000,5465,2026-10-04 14:57:26
6640,均華,67.16,138.04,46.96,False,2026-10-04 14:57:26,ok,,ok,FINMIND_TOKEN,eyJ0...py2s,535,6000,5465,2026-10-04 14:57:26
6643,M31,543.16,17425.0,272.19,False,2026-10-04 14:57:26,ok,,ok,FINMIND_TOKEN,eyJ0...py2s,535,6000,5465,2026-10-04 14:57:27
6664,群翊,22.73,32.06,19.75,False,2026-10-04 14:57:27,ok,,ok,FINMIND_TOKEN,eyJ0...py2s,535,6000,5465,2026-10-04 14:57:27
6669,緯穎,6.68,25.01,6.68,False,2026-10-04 14:57:27,ok,,ok,FINMIND_TOKEN,eyJ0...py2s,535,6000,5465,2026-10-04 14:57:28
6672,騰輝電子-KY,66.31,66.31,30.62,False,2026-10-04 14:57:28,ok,,ok,FINMIND_TOKEN,eyJ0...py2s,535,6000,5465,2026-10-04 14:57:28
6683,雍智科技,66.52,166.34,47.76,False,2026-10-04 14:57:28,ok,,ok,FINMIND_TOKEN,eyJ0...py2s,535,6000,5465,2026-10-04 14:57:29
6691,洋基工程,22.17,29.53,17.74,False,2026-10-04 14:57:29,ok,,ok,FINMIND_TOKEN,eyJ0...py2s,535,6000,5465,2026-10-04 14:57:29
6693,廣閎科,41.37,206.34,0.0,False,2026-10-04 14:57:29,ok,,ok,FINMIND_TOKEN,eyJ0...py2s,535,6000,5465,2026-10-04 14:57:30
6739,竹陞科技,49.77,106.01,40.23,False,2026-10-04 14:57:30,ok,,ok,FINMIND_TOKEN,eyJ0...py2s,535,6000,5465,2026-10-04 14:57:30
6770,力積電,25.5,50.11,0.0,False,2026-10-04 14:57:30,ok,,ok,FINMIND_TOKEN,eyJ0...py2s,535,6000,5465,2026-10-04 14:57:31
6789,采鈺,93.61,152.75,79.2,False,2026-10-04 14:57:31,ok,,ok,FINMIND_TOKEN,eyJ0...py2s,535,6000,5465,2026-10-04 14:57:31
6803,崑鼎,14.42,15.78,14.37,False,2026-10-04 14:57:31,ok,,ok,FINMIND_TOKEN,eyJ0...py2s,535,6000,5465,2026-10-04 14:57:32
6805,富世達,49.41,71.45,31.39,False,2026-10-04 14:57:32,ok,,ok,FINMIND_TOKEN,eyJ0...py2s,535,6000,5465,2026-10-04 14:57:32
6903,巨漢,14.57,40.25,13.35,False,2026-10-04 14:57:32,ok,,ok,FINMIND_TOKEN,eyJ0...py2s,535,6000,5465,2026-10-04 14:57:33
7711,永擎,26.85,42.05,13.18,False,2026-10-04 14:57:33,ok,,ok,FINMIND_TOKEN,eyJ0...py2s,535,6000,5465,2026-10-04 14:57:33
7717,萊德光電-KY,79.35,147.31,56.42,False,2026-10-04 14:57:33,ok,,ok,FINMIND_TOKEN,eyJ0...py2s,535,6000,5465,2026-10-04 14:57:34
7728,光焱科技,102.38,172.97,90.32,False,2026-10-04 14:57:34,ok,,ok,FINMIND_TOKEN,eyJ0...py2s,535,6000,5465,2026-10-04 14:57:34
7734,印能科技,59.55,115.97,52.38,False,2026-10-04 14:57:34,ok,,ok,FINMIND_TOKEN,eyJ0...py2s,535,6000,5465,2026-10-04 14:57:34
7751,竑騰,61.63,132.44,47.24,False,2026-10-04 14:57:34,ok,,ok,FINMIND_TOKEN,eyJ0...py2s,535,6000,5465,2026-10-04 14:57:35
7769,鴻勁,57.61,103.07,56.68,False,2026-10-04 14:57:35,ok,,ok,FINMIND_TOKEN,eyJ0...py2s,535,6000,5465,2026-10-04 14:57:35
7792,安葆,38.43,43.0,21.02,False,2026-10-04 14:57:35,ok,,ok,FINMIND_TOKEN,eyJ0...py2s,535,6000,5465,2026-10-04 14:57:36
7805,威聯通,10.31,18.52,10.3,False,2026-10-04 14:57:36,ok,,ok,FINMIND_TOKEN,eyJ0...py2s,535,6000,5465,2026-10-04 14:57:37
7828,創新服務,187.63,343.93,154.16,False,2026-10-04 14:57:37,ok,,ok,FINMIND_TOKEN,eyJ0...py2s,535,6000,5465,2026-10-04 14:57:37
7856,漢測,155.49,175.32,155.49,False,2026-10-04 14:57:37,ok,,ok,FINMIND_TOKEN,eyJ0...py2s,535,6000,5465,2026-10-04 14:57:37
8021,尖點,111.49,172.08,78.33,False,2026-10-04 14:57:37,ok,,ok,FINMIND_TOKEN,eyJ0...py2s,535,6000,5465,2026-10-04 14:57:38
8027,鈦昇,711.67,740.0,0.0,False,2026-10-04 14:57:38,ok,,ok,FINMIND_TOKEN,eyJ0...py2s,535,6000,5465,2026-10-04 14:57:39
8028,昇陽半導體,50.81,78.87,39.7,False,2026-10-04 14:57:39,ok,,ok,FINMIND_TOKEN,eyJ0...py2s,535,6000,5465,2026-10-04 14:57:39
8039,台虹,93.97,111.9,50.16,False,2026-10-04 14:57:39,ok,,ok,FINMIND_TOKEN,eyJ0...py2s,535,6000,5465,2026-10-04 14:57:40
8046,南電,171.56,333.89,120.45,False,2026-10-04 14:57:40,ok,,ok,FINMIND_TOKEN,eyJ0...py2s,535,6000,5465,2026-10-04 14:57:40
8064,東捷,58.23,91.91,39.62,False,2026-10-04 14:57:40,ok,,ok,FINMIND_TOKEN,eyJ0...py2s,535,6000,5465,2026-10-04 14:57:40
8069,元太,13.96,25.86,13.86,False,2026-10-04 14:57:40,ok,,ok,FINMIND_TOKEN,eyJ0...py2s,535,6000,5465,2026-10-04 14:57:41
8070,長華*,30.0,61.6,27.96,False,2026-10-04 14:57:41,ok,,ok,FINMIND_TOKEN,eyJ0...py2s,535,6000,5465,2026-10-04 14:57:42
8086,宏捷科,22.39,46.43,19.68,False,2026-10-04 14:57:42,ok,,ok,FINMIND_TOKEN,eyJ0...py2s,535,6000,5465,2026-10-04 14:57:42
8155,博智,27.84,66.35,26.38,False,2026-10-04 14:57:42,ok,,ok,FINMIND_TOKEN,eyJ0...py2s,535,6000,5465,2026-10-04 14:57:43
8240,華宏,25.79,37.92,17.66,False,2026-10-04 14:57:43,ok,,ok,FINMIND_TOKEN,eyJ0...py2s,535,6000,5465,2026-10-04 14:57:43
8299,群聯,9.6,56.93,8.8,False,2026-10-04 14:57:43,ok,,ok,FINMIND_TOKEN,eyJ0...py2s,535,6000,5465,2026-10-04 14:57:44
8358,金居,77.35,134.36,51.56,False,2026-10-04 14:57:44,ok,,ok,FINMIND_TOKEN,eyJ0...py2s,535,6000,5465,2026-10-04 14:57:44
8415,大國鋼,8.88,11.68,8.65,False,2026-10-04 14:57:44,ok,,ok,FINMIND_TOKEN,eyJ0...py2s,535,6000,5465,2026-10-04 14:57:45
8932,智通*,43.18,66.07,40.66,False,2026-10-04 14:57:45,ok,,ok,FINMIND_TOKEN,eyJ0...py2s,535,6000,5465,2026-10-04 14:57:45
8996,高力,101.68,138.58,55.49,False,2026-10-04 14:57:45,ok,,ok,FINMIND_TOKEN,eyJ0...py2s,535,6000,5465,2026-10-04 14:57:46
009816,凱基台灣TOP50,,,,False,2026-10-04 14:57:46,no_data,empty,ok,FINMIND_TOKEN,eyJ0...py2s,535,6000,5465,2026-10-04 14:57:46
009820,元大納斯達克精選,,,,False,2026-10-04 14:57:46,no_data,empty,ok,FINMIND_TOKEN,eyJ0...py2s,535,6000,5465,2026-10-04 14:57:47
009823,群益S&P500,,,,False,2026-10-04 14:57:47,no_data,empty,ok,FINMIND_TOKEN,eyJ0...py2s,535,6000,5465,2026-10-04 14:57:47
009824,群益美國科技巨頭,,,,False,2026-10-04 14:57:47,no_data,empty,ok,FINMIND_TOKEN,eyJ0...py2s,535,6000,5465,2026-10-04 14:57:47
00631L,元大台灣50正2,,,,False,2026-10-04 14:57:47,no_data,empty,ok,FINMIND_TOKEN,eyJ0...py2s,535,6000,5465,2026-10-04 14:57:48
00679B,元大美債20年,,,,False,2026-10-04 14:57:48,no_data,empty,ok,FINMIND_TOKEN,eyJ0...py2s,535,6000,5465,2026-10-04 14:57:48
00685L,群益臺灣加權正2,,,,False,2026-10-04 14:57:48,no_data,empty,ok,FINMIND_TOKEN,eyJ0...py2s,535,6000,5465,2026-10-04 14:57:49
00687B,國泰20年美債,,,,False,2026-10-04 14:57:49,no_data,empty,ok,FINMIND_TOKEN,eyJ0...py2s,535,6000,5465,2026-10-04 14:57:49
00937B,群益ESG投等債20+,,,,False,2026-10-04 14:57:49,no_data,empty,ok,FINMIND_TOKEN,eyJ0...py2s,535,6000,5465,2026-10-04 14:57:50
00953B,群益優選非投等債,,,,False,2026-10-04 14:57:50,no_data,empty,ok,FINMIND_TOKEN,eyJ0...py2s,535,6000,5465,2026-10-04 14:57:50
00981A,主動統一台股增長,,,,False,2026-10-04 14:57:50,no_data,empty,ok,FINMIND_TOKEN,eyJ0...py2s,535,6000,5465,2026-10-04 14:57:51
