stock_id,name,新聞
0056,元大高股息,0921：0056 元大高股息- 9／21盤前頭條焦點- 股市爆料同學會 - CMoney；0921：0056 元大高股息- 9／21盤前頭條焦點- 股市爆料同學會 - cmoney.tw；0921：焦點股》0056：高股息ETF熱潮升溫 規模突破8000億元創新高 - 自由財經；0921：焦點股…
00662,富邦NASDAQ,0918：美股 ETF 投資熱度升溫 00662上季以來受益人成長39% 反映 AI 題材火熱 - 經濟日報；0917：基金：富邦NASDAQ ETF(00662)將進行分割作業，新受益憑證11月17日上市買賣 - 富聯網；0917：基金：富邦NASDAQ ETF(00662)將進行分割作業，新受…
00878,國泰永續高股息,0921：每月買1張00878，他花44個月拚到50張！股價從17元→35元，現在還能安心存股？最新月領1萬、3萬成本曝光 - 今周刊；0921：每月買1張00878，他花44個月拚到50張！股價17元→35元，現在還能安心存股？最新月領1萬、3萬成本曝光 - businesstoday.com.…
00892,富邦台灣半導體,0921：外資單日爆買台股 869 億元！00904、00892 績效暴衝逾 400% - TechNews 科技新報；0908：00892 富邦台灣半導體- AI、半導體題材紅不讓本月以來績效名列前段班擔綱多頭攻擊主軸- 股市爆料同學會 - CMoney；0908：〈焦點股〉含「積」量高半導體E…
00919,群益台灣精選高息,0920：整理包／0050、0056、00878、00919 四大 ETF 最新成分股調整一次看 - 經濟日報；0920：台股大漲 個股成交前五大四檔 ETF 友達衝到第一 零股成交第一00919 - 經濟日報；0919：高息雙王1表比》00919、00918同步貼息誰能撿？達人揭他比較甜：005…
00941,中信上游半導體,0913：00941 中信上游半導體- 盤整盤到底會不會突破？交了幾百萬學費悟出的10:30看盤法則- 股市爆料同學會 - CMoney；0913：00941 中信上游半導體- 盤整盤到底會不會突破？交了幾百萬學費悟出的10:30看盤法則- 股市爆料同學會 - cmoney.tw；0907：009…
1101,台泥,0921：1101 台泥- 這才是新聞- 股市爆料同學會 - CMoney；0921：51萬股東看過來！台泥10/13臨時股東會推「水泥袋」斜背包 零股也能領 - Yahoo股市；0921：1101 台泥- 51萬股東看過來！台泥10/13臨時股東會推「水泥袋」斜背包- 股市爆料同學會 - CMo…
1216,統一,0917：統一(1216) 個股概覽 | 個股 - 股市 - CMoney；0915：Yahoo購物中心攜統一鮮拾，官方旗艦店9/16上線 - MoneyDJ；0915：Yahoo購物中心攜統一鮮拾，官方旗艦店9/16上線 - moneydj.com；0915：統一旗下鮮拾轉換平台 「鮮拾」官方旗…
1301,台塑,0920：集團作帳行情助攻 南亞、台塑化季底有望進行補漲 - news.cnyes.com；0920：討論牆| 鉅亨速報- Factset 最新調查：台塑(1301-TW)EPS預估上修至3.4元，預估目標價為72.5元 - LINE TODAY；0920：討論牆| 鉅亨速報- Factset 最…
1303,南亞,0921：1303 南亞 - 永豐觀點｜CCL降規傳言解析！ - 股市爆料同學會 - cmoney.tw；0921：1303 南亞 - 永豐觀點｜CCL降規傳言解析！ - 股市爆料同學會 - CMoney；0921：討論牆 | 盤中速報 - 南亞(1303)大漲7%，報221元 - LINE TO…
1319,東陽,0921：東陽5月營收18.48億元 年增3％ - 自由時報；0918：東陽、堤維西：下半年拉貨節奏可望回歸正常 - 自由時報；0917：東陽自結8月稅前淨利2.52億元 每股盈餘0.42元 - 自由時報；0915：東陽(1319) 個股概覽 | 個股 - 股市 - CMoney；0915：個股：…
1326,台化,0921：原油飆破百美元、中東斷鏈引爆EG與樹脂大漲潮！台塑化、台化營收暴衝 - 理財周刊；0921：【09/21券商評等報告彙整】台化(1326) 今日僅1家券商發布績效評等報告，評價為中立，目標價為72元。 - CMoney投資網誌；0920：1326 台化- 拚了！彰化市長林世賢回鍋選議員競…
1402,遠東新,0921：《紡纖股》遠東新9月23日受邀參加ESG法人說明會 - 富聯網；0921：徐旭東胞妹贈夫875張遠東新股票 市值逾2400萬元 - 自由時報；0921：徐旭東胞妹贈夫875張遠東新股票 市值逾2400萬元 - 聚財網；0921：徐旭東胞妹送夫875張遠東新！市值2437萬元 - NOWn…
1503,士電,0919：攜手施耐德、士電！這「重電廠」打入CSP、半導體供應鏈 搶攻AI基礎建設商機 - FTNN 新聞；0919：攜手施耐德、士電！這「重電廠」打入CSP、半導體供應鏈 搶攻AI基礎建設商機 - ftnn.com.tw；0918：士電(1503) 個股概覽 | 個股 - 股市 - CMoney…
1504,東元,0921：東元(1504) 個股概覽 | 個股 - 股市 - CMoney；0920：法說會速報》東元下半年看旺 機電事業成長高 - 自由時報；0920：法說會速報》東元下半年看旺 機電事業成長高 - stock.ltn.com.tw；0920：東元(1504) 個股概覽 | 個股 - 股市 - …
1513,中興電,0921：營收年增僅4％、毛利率卻飆近28.5％！中興電在手訂單逾400億排到2031年 - 理財周刊；0920：中興電(1513) 個股概覽 | 個股 - 股市 - cmoney.tw；0920：中興電(1513) 個股概覽 | 個股 - 股市 - CMoney；0919：台電711億撥補點火重…
1514,亞力,0920：亞力(1514) 個股概覽 | 個股 - 股市 - CMoney；0919：亞力(1514) 個股概覽 | 個股 - 股市 - cmoney.tw；0911：1514 亞力 - 抗跌也抗漲☕️ - 股市爆料同學會 - CMoney；0910：亞力營收／前八月70億元、年增7.94%創新高…
1519,華城,0921：華城(1519) 個股概覽 | 個股 - 股市 - cmoney.tw；0921：變壓器與重電股盤中走強，台達電與華城量能能否延續？-黃勢週期經濟學 - CMoney投資網誌；0921：華城(1519) 個股概覽 | 個股 - 股市 - CMoney；0920：1519 華城- 2026…
1532,勤美,0915：勤美 本公司代重要子公司璞真建設股份有限公司公告變更與勤耕建設股份有限公司之合併基準日 - CMoney；0915：勤美 本公司代重要子公司璞真建設股份有限公司公告變更與勤耕建設股份有限公司之合併基準日 - cmoney.tw；0910：【2026/08月營收公告】勤美(1532) 八月…
1560,中砂,0919：1560 中砂- 千金不是夢- 股市爆料同學會 - CMoney；0919：1560 中砂- 千金不是夢- 股市爆料同學會 - cmoney.tw；0919：中砂5月營收8.29億元 創歷史次高 - 自由時報；0919：1560 中砂- 股市最新爆料，掌握股友們對眾個股股價、技術分析、新…
1590,亞德客-KY,0920：討論牆 | 盤中速報 - 亞德客-KY(1590)大跌7.21%，報1480元 - LINE TODAY；0920：討論牆 | 盤中速報 - 亞德客-KY(1590)大跌7.21%，報1480元 - today.line.me；0918：【0917法人焦點】市場最新個股動態：國巨* (2…
1605,華新,0921：華新(1605) 個股概覽 | 個股 - 股市 - cmoney.tw；0921：華新(1605) 個股概覽 | 個股 - 股市 - CMoney；0917：1605 華新- 大盤漲千點焦家正常發揮- 股市爆料同學會 - CMoney；0917：1605 華新 - 這幾天又有特定法人在布…
1727,中華化,0921：中華化(1727) 個股概覽 | 個股 - 股市 - cmoney.tw；0921：1727 中華化- 基本面不錯，股價不漲反跌？爛股？！ 靜待可轉債完成定價，股... - 股市爆料同學會 - CMoney；0920：〈熱門股〉中華化受惠電子級硫酸需求強勁 周漲18.3％站上百元大關 -…
1802,台玻,0920：台玻(1802) 個股概覽 | 個股 - 股市 - cmoney.tw；0920：1802 台玻 - 硬一下！64不遠，每天開高走低搞什麼鬼 - 股市爆料同學會 - CMoney；0920：台玻(1802) 個股概覽 | 個股 - 股市 - CMoney；0920：1802 台玻- 【美…
1815,富喬,0921：【09/21券商評等報告彙整】富喬(1815) 今日僅1家券商發布績效評等報告，評價為看多，目標價為185元。 - CMoney投資網誌；0918：打入下一代ASIC供應鏈！富喬高階玻纖布獲CSP大廠認證 八大公股砸2.2億元搶進1.9千張 - FTNN 新聞；0918：富喬E-glas…
2002,中鋼,0920：2002 中鋼- 🏹🎯攤平中...加入防線....請主力不要擊落我😂 - 股市爆料同學會 - CMoney；0920：煤鐵、能源漲價推升 中鋼4月盤價大漲 - 自由時報；0920：煤鐵、能源漲價推升 中鋼4月盤價大漲 - stock.ltn.com.tw；0919：狂撒178.8億推動智…
2059,川湖,0921：AI滑軌族群盤中走強，川湖與南俊國際誰更吃得到訂單？-跟著大資走 澤明 - CMoney投資網誌；0921：討論牆 | 盤中速報 - 川湖(2059)股價拉至漲停，漲停價14720.0元，成交319張 - LINE TODAY；0921：討論牆 | 盤中速報 - 川湖(2059)股價拉至…
2207,和泰車,0918：和泰車搶攻高端客群 - UDN；0918：和泰車搶攻高端客群 - udn.com；0918：和泰車搶攻高端客群 - udn；0918：2207 和泰車- 和泰車提升TOYOTA豪華產品線- 股市爆料同學會 - CMoney；0918：2207 和泰車- 和泰車提升TOYOTA豪華產品線-…
2233,宇隆,0917：TIE開幕報喜！中光電無人機搶下美警消大單 宇隆機器人攻北美市場 - news.cnyes.com；0915：2233 宇隆 - 恭喜發財❤️ - 股市爆料同學會 - CMoney；0915：2233 宇隆 - 恭喜發財❤️ - 股市爆料同學會 - cmoney.tw；0912：飆股幕後…
2301,光寶科,0921：2301 光寶科 - 透爛股，比豬糞還不如 - 股市爆料同學會 - CMoney；0921：光寶科 全年AI貢獻拉升至3成 - 自由時報；0919：光寶科(2301) 走勢分析 (20260919) - M先生 | 投資網誌 - 玩股網；0919：2301 光寶科- 股市最新爆料，掌握股…
2303,聯電,"0921：討論牆 | 盤中速報 - 聯電(2303)股價拉至漲停，漲停價130.0元，成交105,392張 - LINE TODAY；0921：討論牆 | 盤中速報 - 聯電(2303)股價拉至漲停，漲停價130.0元，成交105,392張 - today.line.me；0921：聯電102.5…"
2308,台達電,0921：AI電力供應鏈升溫，台達電與東元誰先看到訂單-黃勢週期經濟學 - CMoney投資網誌；0921：台積電、聯發科、台達電、欣興、友達…中秋變盤攻5萬點衝鋒隊！「聯發科王子」程正樺點這2檔有看頭 - 今周刊；0921：【09/21 產業即時新聞】電感族群大漲近6%亮燈衝鋒，AI電源題材點火…
2313,華通,0921：【焦點速報】PCB族群殘酷二選一！欣興強勢重返千金，華通、台光電為何反遭拋棄？ - CMoney投資網誌；0921：Starlink V3架構升級！華通衛星板層數衝20層以上，單顆PCB產值拚翻倍 - investor.com.tw；0921：PCB紅綠交織！ABF載板缺口擴大「這大廠」…
2317,鴻海,0920：2317 鴻海 - 外資們在鴻海中三段操作的籌碼均價狀況- 股市爆料同學會 - CMoney；0920：2317 鴻海 - 外資們在鴻海中三段操作的籌碼均價狀況- 股市爆料同學會 - cmoney.tw；0919：2317 鴻海 - 神秘金字塔股權分散表9/19 - 股市爆料同學會 - …
2324,仁寶,0921：仁寶溢價18%收購！鋐寶科技漲停鎖死 爆逾10萬張排隊搶購 - Yahoo股市；0921：仁寶百分之百收購鋐寶科技！溢價18.21％，啟動私有化下市｜股市話題｜豐雲學堂2026 年 09 月 - sinotrade.com.tw；0921：△個股：強化AI市場佈局，仁寶溢價18.2%全資…
2327,國巨*,0921：焦點股》國巨*：Q3轉單發酵 獲利攀升 - 自由財經；0921：焦點股》國巨*：Q3轉單發酵 獲利攀升 - ec.ltn.com.tw；0921：國巨*早盤衝到579元又收斂！被動元件熱起來，MLCC卻有兩種行情 - 聚財網；0920：2327 國巨* - 記憶體、被動元件要小心了😎 -…
2330,台積電,0921：2330 台積電 - 9/18台積電等5家ADR收盤報價簡訊- 股市爆料同學會 - CMoney；0921：2330 台積電 - 9/18台積電等5家ADR收盤報價簡訊- 股市爆料同學會 - cmoney.tw；0921：2330 台積電 - 詹姆士美台股市早報2026/09/21（一）…
2337,旺宏,0920：2337 旺宏 - 一路跌到中秋後 - 股市爆料同學會 - CMoney；0920：2337 旺宏 - 一路跌到中秋後 - 股市爆料同學會 - cmoney.tw；0918：2337 旺宏- 沮喪和抱怨解決不了問題思考處理及投資方向才是金庫最大的保障- 股市爆料同學會 - CMoney；…
2338,光罩,0921：台灣光罩波段飆漲17.6％ 8月自結每股虧0.05元 - 自由時報；0920：2338 光罩 - 最多在拉一天，很快就40见 - 股市爆料同學會 - CMoney；0918：《半導體》注意股：光罩 近5日漲6.90% - 富聯網；0918：《半導體》注意股：光罩 近5日漲6.90% - …
2344,華邦電,0921：陳俊聖一句「沒想像缺」 華邦電、南亞科率記憶體股摔倒 分析師：不用擔心 - Yahoo股市；0921：2344 華邦電 - 這應該要跌了吧 - 股市爆料同學會 - CMoney；0921：2344 華邦電- 集邦：NAND需求遠超預期- 股市爆料同學會 - CMoney；0921：華邦電…
2345,智邦,0921：2345 智邦 - 九月2600點獲利😇月月千點入袋💕避險作帳買超跌股🌟 - 股市爆料同學會 - CMoney；0918：2345 智邦 - 今天智邦將絕地大反攻，嘎死空單！美國亞馬遜超微meta博通等... - 股市爆料同學會 - CMoney；0918：2345 智邦 - 今天智邦將…
2347,聯強,"0919：《電通股》聯強代子公司公告處分TD SYNNEX股票 - ww2.money-link.com.tw；0919：《電通股》聯強代子公司公告處分TD SYNNEX股票 - 富聯網；0919：討論牆 | 盤中速報 - 聯強(2347)股價拉至漲停，漲停價94.7元，成交6,165張 - LI…"
2353,宏碁,0921：華邦電、南亞科突翻黑！記憶體族群在跌什麼？宏碁陳俊聖拋震撼彈 | 下班經濟學 | 財經 - 風傳媒；0921：個股：宏碁(2353)改派振樺電(8114)董事代表人，鄭傑文退，官志凱上 - 富聯網；0921：「記憶體哪有缺貨」宏碁董座踢爆大廠喊漲話術：中國滿手貨、價格恐見頂 - 鏈新聞 …
2356,英業達,0916：2356 英業達- 美系外資表示，英業達8、9月營收將續減，因記憶體成本上漲導致... - 股市爆料同學會 - CMoney；0916：2356 英業達 - 最爛就是你💩 - 股市爆料同學會 - CMoney；0915：2356 英業達 - 爭氣點好嗎~他媽的 - 股市爆料同學會 - C…
2357,華碩,0921：華碩Zenbook DUO摘下IDEA銅獎 多款產品同步挺進決選 - Yahoo 財經；0921：2357 華碩 - 專為高速對戰PG直擊龍卷風打造！LGD發表WOLED電競面板- 股市爆料同學會 - CMoney；0920：討論牆 | 盤中速報 - 華碩(2357)股價拉至漲停，漲停價…
2360,致茂,0921：《其他電》H2展望樂觀 致茂亮燈攻3個半月高價 - 富聯網；0919：討論牆 | 盤中速報 - 致茂(2360)大跌7%，報1925元 - LINE TODAY；0918：討論牆 | 致茂(2360)法說揭2027三大引擎！CPO試產啟動、Inference與Die Burn-in接棒 …
2368,金像電,0921：2368 金像電 - 趨勢來了！！！！！！！！ - 股市爆料同學會 - CMoney；0920：2368 金像電- 週日收心，花點時間把大家關心的口袋名單順過一遍緯穎：外傳的... - 股市爆料同學會 - CMoney；0920：2368 金像電- 週日收心，花點時間把大家關心的口袋名單…
2376,技嘉,0921：外資點火？技嘉大漲逾5%創一個月來新高 分析師揭壓力點位 - Yahoo股市；0921：技嘉(2376) 個股概覽 | 個股 - 股市 - CMoney；0920：技嘉(2376) 個股概覽 | 個股 - 股市 - cmoney.tw；0919：技嘉 外資轉買翻紅 - chinatime…
2377,微星,0917：微星(2377) 個股概覽 | 個股 - 股市 - CMoney；0917：微星登陸 TGS 2026 東京電玩展！傳奇顯卡 RTX 5090 LIGHTNING Z 與多款電競新品齊亮相 - CMoney；0916：2377 微星 - MSI 微星科技宣布獲得《Newsweek》評選「…
2379,瑞昱,0921：【09/21券商評等報告彙整】瑞昱(2379) 今日僅1家券商發布績效評等報告，評價為中立，目標價為750元。 - cmoney.tw；0921：【09/21券商評等報告彙整】瑞昱(2379) 今日僅1家券商發布績效評等報告，評價為中立，目標價為750元。 - CMoney；0921：【…
2382,廣達,0920：川普要組 AI 軍 鴻海、廣達等具美國製造優勢 有望搶商機 - 經濟日報；0919：廣達AI伺服器暢旺- 日報 - 工商時報；0919：廣達 AI伺服器暢旺 - 中時新聞網；0919：廣達 AI伺服器暢旺 - chinatimes.com；0917：AI卡在硬體！日材料雙雄攜手台積電、廣…
2383,台光電,"0921：【焦點速報】PCB族群殘酷二選一！欣興強勢重返千金，華通、台光電為何反遭拋棄？ - CMoney投資網誌；0921：PCB與銅箔基板迎高階擴產潮！最新營收暴增逾129%，台光電首破200億-財經焦點情報站 - CMoney投資網誌；0921：韓廠斗山豪擲 9,700 億韓元擴充 CCL …"
2395,研華,0918：搶進半導體超級循環！研華、凌華卡位美中設備商 融程喊2027營收翻倍 - 經濟日報；0918：討論牆 | 研華(2395)訂單爆滿、產能滿載，為何毛利率卻跌破38%？ - today.line.me；0918：討論牆 | 研華(2395)訂單爆滿、產能滿載，為何毛利率卻跌破38%？ - …
2402,毅嘉,0914：毅嘉(2402) 個股概覽 | 個股 - 股市 - CMoney；0914：毅嘉(2402) 個股概覽 | 個股 - 股市 - cmoney.tw；0908：2402 毅嘉 - 盡量賣 等買中 下去吧。 - 股市爆料同學會 - CMoney；0902：【2026/08月營收公告】毅嘉(2…
2404,漢唐,0918：【11:16 即時新聞】漢唐(2404) 強勢勁揚逾9% 聚焦半導體廠務與綠色工程商機 - CMoney投資網誌；0918：【11:16 即時新聞】漢唐(2404) 強勢勁揚逾9% 聚焦半導體廠務與綠色工程商機 - cmnews.com.tw；0915：【11:44 即時新聞】漢唐(24…
2408,南亞科,0921：2408 南亞科- 全員注意：教戰守則股市敢攻、你要敢「沖」快來看內文- 股市爆料同學會 - CMoney；0921：2408 南亞科- 全員注意：教戰守則股市敢攻、你要敢「沖」快來看內文- 股市爆料同學會 - cmoney.tw；0921：陳俊聖一句「沒想像缺」 華邦電、南亞科率記憶體…
2409,友達,0921：傳英特爾有意攜手友達推先進封裝 友達早盤漲逾8% - 中央社 CNA；0921：友達全力推進光通訊關鍵技術 富采、鼎元跟著搶商機 [經濟日報] - 富聯網；0921：台積電找上門？友達飆8％領軍富采、群創、彩晶股價全動了- 證券 - 工商時報；0921：台積電找上門？友達飆8％領軍富采、…
2412,中華電,0921：中華電「科技少林寺」加速專利活化 秀智慧城市、資安防詐等多元解方 - 經濟日報；0921：中華電「科技少林寺」加速專利活化 秀智慧城市、資安防詐等多元解方 - 聚財網；0920：中華電(2412) 個股概覽 | 個股 - 股市 - CMoney；0920：科技論壇10月14日登場 中華電…
2449,京元電子,0921：2449 京元電子- 衝過305、量就出來了。 - 股市爆料同學會 - CMoney；0920：8月營收連2月年月雙增 法人看好京元電子明年EPS年增率可達65%以上 - 台灣好新聞；0920：8月營收連2月年月雙增 法人看好京元電子明年EPS年增率可達65%以上 - taiwanhot…
2451,創見,0918：創見(2451) 個股概覽 | 個股 - 股市 - CMoney；0916：台新臺灣半導體30 成份股增台勝科及萬潤、刪創見及頎邦- 證券 - 工商時報；0916：台新臺灣半導體30 成份股增台勝科及萬潤、刪創見及頎邦- 證券 - ctee.com.tw；0915：個股：創見(2451)…
2454,聯發科,"0921：聯發科股價創新高 突破5,000元大關 - udn.com；0921：聯發科股價創新高 突破5,000元大關 - udn；0921：聯發科股價創新高 突破5,000元大關 - UDN；0921：台積電翻紅 聯發科等晶片股領漲 台股早盤大漲逾300點 - 工商時報；0921：台積電翻紅 聯…"
2455,全新,0920：討論牆 | 盤中速報 - 全新(2455)大漲7.21%，報409元 - LINE TODAY；0920：討論牆 | 盤中速報 - 全新(2455)大漲7.21%，報409元 - today.line.me；0920：2455 全新 - 賣點奈米股換中秋烤肉錢 - 股市爆料同學會 - C…
2467,志聖,0919：志聖(2467) 個股概覽 | 個股 - 股市 - CMoney；0919：志聖60周年家庭日逾800人同歡加發4000萬元獎金| 科技產業| 產經 - UDN；0919：志聖60周年家庭日逾800人同歡 加發4000萬元獎金 - UDN；0919：志聖60周年家庭日逾800人同歡 加發…
2481,強茂,0921：2481 強茂- 30歲那年，我存到了人生第一個100萬 - 股市爆料同學會 - CMoney；0920：討論牆 | 股價還沒噴出前，籌碼早就先講話了——從強茂（2481）看主力動向 - LINE TODAY；0920：討論牆 | 股價還沒噴出前，籌碼早就先講話了——從強茂（2481）看…
2486,一詮,0920：一詮(2486) 個股概覽 | 個股 - 股市 - cmoney.tw；0920：2486 一詮- 收盤了！一詮尾盤壓最低不慌！分價量表玄機，大盤大漲下的洗盤- 股市爆料同學會 - CMoney；0920：2486 一詮- 【週日夜讀】開盤前夕：從費半暴衝、ADR分化到Q4台股行事曆- …
2603,長榮,0921：2603 長榮 - 貨櫃豐收季節，長榮美西航線巨輪「長鉅輪」返回高雄港- 股市爆料同學會 - CMoney；0921：2603 長榮 - 三雄屬盤中洗盤，尾盤須拉高 - 股市爆料同學會 - CMoney；0921：2603 長榮 - 2603 vs 2615 ratio weekly l…
2609,陽明,0919：陽明9/18大戶籌碼 持續為三熊最優 - cmoney.tw；0919：陽明9/18大戶籌碼 持續為三熊最優 - CMoney；0918：熱門股》中東戰火升溫 陽明爆量漲停 - stock.ltn.com.tw；0918：熱門股》中東戰火升溫 陽明爆量漲停 - 自由時報；0918：260…
2610,華航,0921：2610 華航 - 外資年撤出台灣- 股市爆料同學會 - CMoney；0921：2610 華航 - 成份股調整！尾盤会出大量- 股市爆料同學會 - CMoney；0920：熱門股》外資大買 華航逆勢強漲 - 自由時報；0920：熱門股》外資大買 華航逆勢強漲 - stock.ltn.c…
2615,萬海,0921：2615 萬海 - 外資今天賣超阿海 - 股市爆料同學會 - CMoney；0919：萬海(2615) 個股概覽 | 個股 - 股市 - CMoney；0919：萬海(2615) 個股概覽 | 個股 - 股市 - cmoney.tw；0919：討論牆 | 盤中速報 - 萬海(2615)大…
2618,長榮航,0920：長榮航(2618) 個股概覽 | 個股 - 股市 - CMoney；0920：親子客首選 長榮航連11年獲評五星航空「家庭友善航空公司」拿世界第一 - news.cnyes.com；0920：個股：長榮航(2618)奪SKYTRAX三項世界第一，連續11年獲五星級航空公司殊榮 - 富聯網…
2801,彰銀,0920：2801 彰銀- 分享彰化銀行昔與今- 股市爆料同學會 - CMoney；0919：2801 彰銀- 彰銀個人年底目標價35，評估股價31.5以下逢低拉回可買進！ - 股市爆料同學會 - CMoney；0919：2801 彰銀- 彰銀個人年底目標價35，評估股價31.5以下逢低拉回可買進…
2812,台中銀,0917：2812 台中銀- 台中商銀內鬼跟詐團洗錢36億元，依銀行法等起訴7人 - 股市爆料同學會 - CMoney；0917：悲情的台中銀 - CMoney；0916：2812 台中銀 - 先買一點 🙂 希望別讓我失望 - 股市爆料同學會 - CMoney；0911：【13:08 即時新聞】臺…
2834,臺企銀,0921：2834 臺企銀 - 一早買入一張，加油！ - 股市爆料同學會 - CMoney；0920：《集中市場券商賣超前30名 3-1》臺企銀(-14726) - 富聯網；0920：《台北股市》三大法人18日賣超股：友達、群創、臺企銀 - 富聯網；0919：《台北股市》外資18日賣超股：友達、臺…
2880,華南金,0918：2880 華南金 - 【華南金(2880)盤後解析】爆量小跌，投信連日調節 華南... - 股市爆料同學會 - CMoney；0918：2880 華南金 - 【華南金(2880)盤後解析】爆量小跌，投信連日調節 華南... - 股市爆料同學會 - cmoney.tw；0917：《台北股市…
2881,富邦金,0920：2881 富邦金- AI出口創富，預期財富管理成為顯學- 股市爆料同學會 - CMoney；0920：國泰金、富邦金、凱基金、元大金、新新金...13家金控誰最會賺？黑馬、股王與高估股1表看 內行吐真話：這2檔太貴了 - 旺得富理財網；0920：國泰金、富邦金、凱基金、元大金、新新金..…
2882,國泰金,0921：國內財經：國泰金9月信心調查，股市樂觀及風險偏好回升，52%民眾看GDP逾11% - 富聯網；0921：〈國泰金經濟調查〉9月景氣樂觀情緒、股市風險偏好回升 仍憂民生物價影響通膨 - news.cnyes.com；0920：熱門股》外資認同股利 國泰金大漲5% - 自由時報；0920：熱…
2883,凱基金,0921：凱基金創新高！ - CMoney；0921：72萬股東開心了！凱基金股價創新高 突破40元關卡 - Yahoo新聞；0921：《台北股市》三大法人21日買超前十大 面板奪金拿銀 凱基金排第3 - 富聯網；0920：國泰金、富邦金、凱基金、元大金、新新金...13家金控誰最會賺？黑馬、股王…
2884,玉山金,0919：三商壽嫁玉山金 9月1日終止上市 股票最後交易日訂8月19日 - 經濟日報；0918：2884 玉山金- 來囉阿玉哥哥上車了腹肌有八塊其他跟上- 股市爆料同學會 - CMoney；0918：2884 玉山金- 來囉阿玉哥哥上車了腹肌有八塊其他跟上- 股市爆料同學會 - cmoney.tw…
2885,元大金,0921：元大金看H2台股量能高檔，外幣放款/財管續成長- 新聞 - MoneyDJ；0921：元大金看H2台股量能高檔，外幣放款/財管續成長- 新聞 - moneydj.com；0921：2885 元大金- 元大金、中信金又平手了😂 - 股市爆料同學會 - CMoney；0920：國泰金、富邦金…
2886,兆豐金,0921：發揮金融影響力 兆豐金控 ESG 宣導會聚焦氣候風險與 AI 永續治理 - udn；0921：發揮金融影響力兆豐金控ESG 宣導會聚焦氣候風險與AI 永續治理| 金融要聞| 產經 - UDN；0920：熱門股》內資持續加碼 兆豐金創26年新高 - 自由時報；0920：熱門股》內資持續加碼…
2887,台新新光金,0921：2887 台新新光金- 49.2萬頭空🐷不死，多頭不止💪 - 股市爆料同學會 - CMoney；0921：2887 台新新光金- 最近漲太誇張殺多一點吧- 股市爆料同學會 - CMoney；0920：2887 台新新光金- 富邦國泰凱基中信大漲你給我休息反跌- 股市爆料同學會 - CMo…
2890,永豐金,0921：永豐金併購綜效續挹注營運，2027和緩成長- 新聞 - MoneyDJ；0921：永豐金併購綜效續挹注營運，2027和緩成長- 新聞 - moneydj.com；0921：永豐金併購綜效續挹注營運，2027和緩成長 - Yahoo股市；0919：永豐金證券產業高峰論壇： 看好 AI 引領…
2891,中信金,0921：2891 中信金- ETF 每日持股變動摘要(2026-09-21) - 股市爆料同學會 - CMoney；0920：個股：中信金(2891)9/21參加Bank of America舉辦之投資人說明會 - 富聯網；0919：2891 中信金 - 關於老爺帳號被臉書消失的事情，簡單報告後…
2892,第一金,0919：第一金 獲利續創新高 - chinatimes.com；0919：第一金 獲利續創新高 - 中時新聞網；0917：第11家！凱基金衝破4字頭天花板 比價追上第一金 - Yahoo股市；0917：第11家！凱基金衝破4字頭天花板 比價追上第一金 - tw.stock.yahoo.com；0…
2912,統一超,0921：統一超 代子公司統一超食代股份有限公司公告於高雄廠租地委建 - CMoney；0916：個股：統一超(2912)9/17受邀參加瑞銀證券舉辦之法人說明會 - 富聯網；0915：2912 統一超- 🚨 主力加碼卡位？昨日主動式ETF 加碼這檔！ - 股市爆料同學會 - CMoney；091…
3008,大立光,0921：大盤反彈的這一週，經理人重押聯電，賣掉大立光和緯穎 - CMoney投資網誌；0920：台股重返47K資金換跑道？杜金龍曝「下一站輪這裡」 南亞科挑戰千元有戲、大立光先別急 - Yahoo股市；0920：玉晶光、聯一光漲停 大立光跟著衝 光學股 iPhone 18、CPO 題材還在？ -…
3013,晟銘電,0917：個股：晟銘電(3013)10月1日舉行法人說明會 - 富聯網；0917：晟銘電(3013) 個股概覽 | 個股 - 股市 - CMoney；0917：晟銘電(3013) 個股概覽 | 個股 - 股市 - cmoney.tw；0917：《電週邊》晟銘電10月1日受邀中國信託綜合證券法說會 …
3017,奇鋐,0921：00888ETF換股聚焦AI與半導體 新增奇鋐、力積電等7檔個股 | 太報 - LINE TODAY；0921：00888ETF換股聚焦AI與半導體 新增奇鋐、力積電等7檔個股 | 太報 - today.line.me；0920：討論牆 | 盤中速報 - 奇鋐(3017)急拉6.86%報…
3034,聯詠,0921：聯詠(3034) 個股概覽 | 個股 - 股市 - CMoney；0921：3034 聯詠 - 上下震盪 可來回操作 - 股市爆料同學會 - CMoney；0917：聯詠(3034)獲瑞銀估明年賺35元，毛利率撐得起評價嗎？-柏宇 KD 獲利模式 - CMoney投資網誌；0917：聯詠…
3035,智原,0920：智原(3035) 個股概覽 | 個股 - 股市 - CMoney；0918：【11:54 即時新聞】智原(3035) 股價大漲站上191元，AI ASIC 題材續熱 - CMoney投資網誌；0918：【11:54 即時新聞】智原(3035) 股價大漲站上191元，AI ASIC 題材續…
3036,文曄,0921：3036 文曄 - 哈哈😄！加油啦 - 股市爆料同學會 - CMoney；0921：恩智浦攜手文曄 參與2026新竹X梅竹黑客松創客競賽 - UDN；0921：恩智浦攜手文曄 參與2026新竹X梅竹黑客松創客競賽 - udn；0919：文曄(3036) 個股概覽 | 個股 - 股市 - …
3037,欣興,0921：3037 欣興 - 今天猴子終於再次爬上千元樹了 - 股市爆料同學會 - CMoney；0921：洗產地風波平息？欣興大漲7%衝回千金俱樂部 分析師曝「壓力點」 - Yahoo股市；0921：台積電、聯發科、台達電、欣興、友達…中秋變盤攻5萬點衝鋒隊！「聯發科王子」程正樺點這2檔有看頭 …
3044,健鼎,0921：3044 健鼎 - 今年營收挑戰1000億元？健鼎：以公告為準- 股市爆料同學會 - CMoney；0921：3044 健鼎 - 健鼎澄清115/09/21經濟日報B03版報導- 股市爆料同學會 - CMoney；0919：討論牆| 鉅亨速報- Factset 最新調查：健鼎(3044-…
3045,台灣大,0921：台灣大收購精誠倒數10個交易日 溢價幅度2.87％ - 自由時報；0921：台灣大收購精誠倒數10個交易日 溢價幅度2.87％ - 聚財網；0919：不只《陽光女子合唱團》！台灣大投資智寶《電鋸甜心》真人版電影劍指好萊塢 - Yahoo股市；0919：台灣大深化內容布局，續加強智寶新作投…
3081,聯亞,0921：3081 聯亞- 川習會聚焦AI與稀土安聯投信：AI需求不減亞洲半導體迎布局契機- 股市爆料同學會 - CMoney；0920：3081 聯亞- 聯亞籌碼動能高壓縮待突破，關鍵3000元壓力位初探- 股市爆料同學會 - CMoney；0920：討論牆 | 盤中速報 - 聯亞(3081)大…
3105,穩懋,0921：《半導體》注意股：穩懋 近5日漲14.29% - 富聯網；0920：美國「太空軍」首度證實部署武器 穩懋、昇達科、萊德光電、耀登等迎商機 - 經濟日報；0920：討論牆 | 盤中速報 - 穩懋(3105)大漲7.04%，報380元 - LINE TODAY；0920：討論牆 | 盤中速報…
3131,弘塑,0920：討論牆 | 盤中速報 - 弘塑(3131)股價拉至漲停，漲停價2485.0元，成交389張 - LINE TODAY；0920：討論牆 | 盤中速報 - 弘塑(3131)股價拉至漲停，漲停價2485.0元，成交389張 - today.line.me；0920：討論牆| 鉅亨速報- Fa…
3163,波若威,"0919：討論牆 | 盤中速報 - 波若威(3163)股價殺至跌停，跌停價525.0元，成交6,145張 - today.line.me；0919：討論牆 | 盤中速報 - 波若威(3163)股價殺至跌停，跌停價525.0元，成交6,145張 - LINE TODAY；0919：討論牆 | 盤中速…"
3167,大量,0921：大量下半年估季季高 明年好光景可期 - 台股 - 新聞 - MoneyDJ；0921：大量下半年估季季高明年好光景可期- 新聞 - MoneyDJ；0921：大量下半年估季季高 明年好光景可期 - 台視全球資訊網；0920：討論牆 | 盤中速報 - 大量(3167)大漲7.12%，報71…
3178,公準,0921：【09:13 即時新聞】公準(3178)攻上漲停，短線買盤與主力動能成焦點 - CMoney投資網誌；0921：【09:13 即時新聞】公準(3178)攻上漲停，短線買盤與主力動能成焦點 - cmnews.com.tw；0921：公準雙引擎啟動 ASML、SpaceX題材匯流 High …
3189,景碩,0921：3189 景碩- 2026/9/21 股票分享- 股市爆料同學會 - CMoney；0921：3189 景碩 - 大股東表示明天漲我再繼續賣🥴🥴🥴 - 股市爆料同學會 - CMoney；0919：討論牆 | 盤中速報 - 景碩(3189)股價拉至漲停，漲停價635.0元，成交586張 -…
3211,順達,0921：【12:49 即時新聞】順達(3211)盤中走強，投信與主力籌碼成焦點 - CMoney投資網誌；0921：3211 順達 - 今日上櫃外資買超第九名！！ 資料來源：https://jel... - 股市爆料同學會 - CMoney；0920：3211 順達 - 比照太空軍模式 川普宣布…
3231,緯創,0921：3231 緯創- 緯哥目前階段人走茶涼- 股市爆料同學會 - CMoney；0921：3231 緯創- 大盤漲你不動甚麼垃圾- 股市爆料同學會 - CMoney；0921：緯創開高翻車！「它」狂砍3973張 33萬股東白忙一場 - 自由財經；0921：3231 緯創- 日K配60分盤預估…
3234,光環,0921：3234 光環 - 光環公告本公司限制員工權利新股之增資基準日- 股市爆料同學會 - CMoney；0920：討論牆 | 盤中速報 - 光環(3234)大漲7.14%，報142.5元 - LINE TODAY；0920：討論牆 | 盤中速報 - 光環(3234)大漲7.14%，報142.…
3264,欣銓,0921：欣銓(3264)第三季成長門檻曝光！AI ASIC需求強，9月營收只要超過14億元，第三季可望達成雙位數季增 - 優分析UAnalyze；0921：欣銓(3264)第三季成長門檻曝光！AI ASIC需求強，9月營收只要超過14億元，第三季可望達成雙位數季增 - news.cnyes.co…
3265,台星科,0920：討論牆 | 盤中速報 - 台星科(3265)大跌7.18%，報167.5元 - LINE TODAY；0920：討論牆 | 盤中速報 - 台星科(3265)大跌7.18%，報167.5元 - today.line.me；0919：台星科(3265) 個股概覽 | 個股 - 股市 - CM…
3289,宜特,0913：宜特(3289) 個股概覽 | 個股 - 股市 - CMoney；0912：宜特(3289) 個股概覽 | 個股 - 股市 - cmoney.tw；0911：《業績-其他電》宜特8月營收為3.71億元，年減7.90% - 富聯網；0911：《業績-其他電》宜特8月營收為3.71億元，年減…
3324,雙鴻,"0921：3324 雙鴻 - 主力很會玩 每天創高 1530 6張 1520 32張 散戶... - 股市爆料同學會 - CMoney；0920：討論牆 | 盤中速報 - 雙鴻(3324)股價殺至跌停，跌停價1300.0元，成交1,561張 - LINE TODAY；0920：討論牆 | 盤中速報…"
3363,上詮,0921：3363 上詮- 借券天天暴增- 股市爆料同學會 - CMoney；0921：3363 上詮- 看的懂就知道這隻主力知道出事了- 股市爆料同學會 - CMoney；0920：討論牆 | 盤中速報 - 上詮(3363)大漲7.05%，報606元 - LINE TODAY；0920：討論牆 …
3374,精材,0921：《半導體》注意股：精材 近5日跌4.10% - 富聯網；0921：盈餘：精材(3374)股價遭警示，自結8月歸屬母公司淨利1.93億元，EPS 0.71元 - 富聯網；0921：《半導體》精材自結8月每股盈餘0.71元 - 富聯網；0921：台積電先進封裝外溢效應發酵！精材（3374） …
3376,新日興,"0921：新日興(3376) 個股概覽 | 個股 - 股市 - CMoney；0921：討論牆 | 盤中速報 - 新日興(3376)股價拉至漲停，漲停價212.5元，成交12,533張 - LINE TODAY；0921：討論牆 | 盤中速報 - 新日興(3376)股價拉至漲停，漲停價212.5元…"
3443,創意,0921：【12:09 即時新聞】創意(3443)盤中走強，AI ASIC題材續成焦點 - CMoney投資網誌；0921：3443 創意 - 9/21收盤 創意上漲收在7615塊 聯發科上漲收在5010... - 股市爆料同學會 - CMoney；0921：3443 創意 - 🍎「台股強漲逼近新…
3450,聯鈞,0920：聯鈞(3450) 個股概覽 | 個股 - 股市 - CMoney；0919：討論牆 | 盤中速報 - 聯鈞(3450)大跌7.08%，報512元 - LINE TODAY；0919：討論牆 | 盤中速報 - 聯鈞(3450)大跌7.08%，報512元 - today.line.me；09…
3481,群創,0921：群創半導體布局待放量，2027營收估溫和成長 - 台股 - 新聞 - MoneyDJ；0921：群創半導體布局待放量，2027營收估溫和成長- 新聞 - MoneyDJ；0921：台積電找上門？友達飆8％領軍富采、群創、彩晶股價全動了- 證券 - 工商時報；0921：台積電找上門？友達飆…
3491,昇達科,0921：3491 昇達科 - Starlink V3 衛星要起飛！FCC 擴頻助攻 衛星通... - 股市爆料同學會 - CMoney；0920：3491 昇達科 - 低軌衛星衛星發射量飆升！這「指標股」股價回溫70% Q4有望... - 股市爆料同學會 - CMoney；0920：3491 昇…
3529,力旺,0920：討論牆 | 盤中速報 - 力旺(3529)股價拉至漲停，漲停價2410.0元，成交586張 - LINE TODAY；0920：討論牆 | 盤中速報 - 力旺(3529)股價拉至漲停，漲停價2640.0元，成交220張 - LINE TODAY；0920：討論牆 | 盤中速報 - 力旺(…
3532,台勝科,"0920：討論牆 | 盤中速報 - 台勝科(3532)急拉3.3%報345.0元，成交5,034張 - LINE TODAY；0920：討論牆 | 盤中速報 - 台勝科(3532)急拉3.3%報345.0元，成交5,034張 - today.line.me；0919：討論牆 | 盤中速報 - 台勝…"
3533,嘉澤,0920：討論牆 | 嘉澤(3533-TW)怎麼了？Q2毛利其實沒爆冷，但市場為什麼還是擔心？ - LINE TODAY；0920：討論牆 | 嘉澤(3533-TW)怎麼了？Q2毛利其實沒爆冷，但市場為什麼還是擔心？ - today.line.me；0920：嘉澤(3533) 個股概覽 | 個股 …
3563,牧德,0919：牧德(3563) 個股概覽 | 個股 - 股市 - CMoney；0919：牧德(3563) 個股概覽 | 個股 - 股市 - cmoney.tw；0918：3563 牧德 - 只有崩盤這條路。 - 股市爆料同學會 - CMoney；0914：日月光擴充產能 斥資3.34億元向牧德採購檢…
3583,辛耘,0921：辛耘(3583) 個股概覽 | 個股 - 股市 - CMoney；0920：討論牆 | 盤中速報 - 辛耘(3583)大漲7.79%，報747元 - LINE TODAY；0920：討論牆 | 盤中速報 - 辛耘(3583)大漲7.79%，報747元 - today.line.me；09…
3587,閎康,0917：閎康(3587) 個股概覽 | 個股 - 股市 - CMoney；0915：閎康(3587) 個股概覽 | 個股 - 股市 - cmoney.tw；0915：閎康營收連6個月創高 CSP晶片訂單狂湧！ - 鏡週刊Mirror Media；0915：閎康營收連6個月創高 北美CSP自研晶片…
3605,宏致,0921：【11:19 即時新聞】宏致(3605)股價強攻逼近漲停，AI連接器題材續成盤中焦點 - CMoney投資網誌；0920：討論牆 | 盤中速報 - 宏致(3605)大漲7.37%，報116元 - LINE TODAY；0920：宏致(3605) 個股概覽 | 個股 - 股市 - CMon…
3645,達邁,0919：討論牆 | 盤中速報 - 達邁(3645)急拉3.04%報71.1元，成交432張 - today.line.me；0919：討論牆 | 盤中速報 - 達邁(3645)急拉3.04%報71.1元，成交432張 - LINE TODAY；0919：討論牆 | 盤中速報 - 達邁(3645)…
3653,健策,0921：【優分析即時新聞】健策(3653)第二季毛利率衝上46.81%創高，Rubin均熱片ASP規格三度翻轉 - 優分析UAnalyze；0921：功率半導體漲跌各半！「這檔」軍工產品推進漲3.38%、健策大漲205元 茂矽、富鼎仍挫逾1％ - FTNN 新聞；0921：功率半導體漲跌各半！「…
3661,世芯-KY,0921：鉅亨速報 - Factset 最新調查：世芯-KY(3661-TW)EPS預估上修至139.83元，預估目標價為6000元 - cmoney.tw；0921：鉅亨速報 - Factset 最新調查：世芯-KY(3661-TW)EPS預估上修至139.83元，預估目標價為6000元 - C…
3665,貿聯-KY,0921：千金股解密—貿聯-KY 3665 - 自由時報；0921：3665 貿聯-KY - 要解套了，快到2375壓力區了 能突破嗎？ - 股市爆料同學會 - CMoney；0921：《其他電》貿聯-KY攜手ams OSRAM 攻AI光學互連 - 富聯網；0921：貿聯-KY攜手歐司朗 推動次世…
3680,家登,0919：英特爾搶單也撼動不了？台積電CoWoS-L主流地位看到2028年 日月光、欣興、家登同步沾光 - FTNN 新聞；0919：英特爾搶單也撼動不了？台積電CoWoS-L主流地位看到2028年 日月光、欣興、家登同步沾光 - ftnn.com.tw；0919：討論牆| 【優分析即時新聞】家登…
3701,大眾控,0921：拿下Google TPU大單！「這IC設計龍頭」2026資料中心營收上看逾20億元挾低軌衛星元晶、大眾控漲停噴出 - FTNN 新聞；0918：大眾控(3701) 個股概覽 | 個股 - 股市 - CMoney；0918：大眾控(3701) 個股概覽 | 個股 - 股市 - cmoney…
3702,大聯大,0920：討論牆 | 盤後速報 - 大聯大(3702)次交易(27)日除息3.64元，參考價104.36元 - LINE TODAY；0920：討論牆 | 盤後速報 - 大聯大(3702)次交易(27)日除息3.64元，參考價104.36元 - today.line.me；0920：大聯大(370…
3711,日月光投控,0921：個股：日月光投控(3711)9/22-9/23受邀參加CLSA Flagship Investors Forum - 富聯網；0921：《半導體》日月光投控9月22日受邀海外法說會 - 富聯網；0918：3711 日月光投控 - 慢慢墊高的趨勢 - 股市爆料同學會 - cmoney.tw…
3715,定穎投控,0921：定穎投控(3715) 個股概覽 | 個股 - 股市 - CMoney；0921：3715 定穎投控 - 超穎定穎是什麼反向指標 - 股市爆料同學會 - CMoney；0919：定穎投控(3715) 走勢分析 (20260919) - CMoney；0919：定穎投控(3715) 走勢分析…
4749,新應材,0921：【優分析即時新聞】新應材(4749)8月營收創高年增41.95%，N2放量接棒、台積電獨供地位穩固 - 優分析UAnalyze；0921：【優分析即時新聞】新應材(4749)8月營收創高年增41.95%，N2放量接棒、台積電獨供地位穩固 - LINE TODAY；0921：【優分析即時新…
4772,台特化,0915：個股：台特化(4772)併購效益與先進製程發酵，下半年營運攀升迎擴產潮 - 富聯網；0915：個股：台特化(4772)併購效益與先進製程發酵，下半年營運攀升迎擴產潮 - ww2.money-link.com.tw；0914：年報全方位解密與鑑識體檢--(4772) 台特化｜理柴知道:法說…
4904,遠傳,0920：《通網股》遠傳5G遠距診療全台離島制霸 累計8.4萬人次 - 富聯網；0920：《通網股》遠傳5G遠距診療全台離島制霸 累計8.4萬人次 - ww2.money-link.com.tw；0918：遠傳5G用戶突破50% iPhone 18 Pro持續推升5G用戶 - udn科技玩家；09…
4931,新盛力,0919：新盛力(4931) 個股概覽 | 個股 - 股市 - CMoney；0919：討論牆 | 盤中速報 - 新盛力(4931)大漲8.36%，報175元 - today.line.me；0919：討論牆 | 盤中速報 - 新盛力(4931)大漲8.36%，報175元 - LINE TODAY…
4938,和碩,"0920：和碩(4938) 個股概覽 | 個股 - 股市 - CMoney；0920：和碩(4938) 個股概覽 | 個股 - 股市 - cmoney.tw；0920：討論牆 | 盤中速報 - 和碩(4938)急拉4.31%報99.0元，成交8,251張 - LINE TODAY；0920：討論牆…"
4958,臻鼎-KY,0921：臻鼎-KY：慶鼎精密電子(淮安)有5/24~9/18取得機器設備一批，計約13.44億元 - cmoney.tw；0921：臻鼎-KY：慶鼎精密電子(淮安)有5/24~9/18取得機器設備一批，計約13.44億元 - CMoney；0921：4958 臻鼎-KY - 這隻啥時變牛皮股了-…
4971,IET-KY,0921：IET-KY(4971) 個股概覽 | 個股 - 股市 - CMoney；0920：討論牆 | 盤中速報 - IET-KY(4971)急跌-8.06%報535.0元，成交104張 - LINE TODAY；0919：討論牆 | 盤中速報 - IET-KY(4971)急跌-3.46%報50…
4977,眾達-KY,0918：個股：眾達-KY(4977)115年現金增資股款催繳期間訂9/21-10/21 - 富聯網；0918：個股：眾達-KY(4977)115年現金增資股款催繳期間訂9/21-10/21 - ww2.money-link.com.tw；0917：4977 眾達-KY - 振作點啊 我昨天才付錢…
4979,華星光,0920：討論牆 | 盤中速報 - 華星光(4979)大跌7.45%，報522元 - LINE TODAY；0920：討論牆 | 盤中速報 - 華星光(4979)大漲7.02%，報638元 - LINE TODAY；0920：討論牆 | 盤中速報 - 華星光(4979)大漲7.02%，報638元 …
4991,環宇-KY,0921：【13:30 即時新聞】環宇-KY(4991)股價走強，注意半導體高階元件題材 - CMoney投資網誌；0921：【13:30 即時新聞】環宇-KY(4991)股價走強，注意半導體高階元件題材 - cmnews.com.tw；0921：4991 環宇-KY - 肉粽概念股- 股市爆料同…
5274,信驊,0920：訂單直奔27年！股王信驊目標價上衝2萬4 - 鏡週刊Mirror Media；0919：討論牆| 鉅亨速報- Factset 最新調查：信驊(5274-TW)EPS預估上修至188.19元，預估目標價為20888元 - LINE TODAY；0919：討論牆| 鉅亨速報- Factset…
5289,宜鼎,0920：5289 宜鼎- 轉骨成功且定形，尚待市場重估中。 - 股市爆料同學會 - CMoney；0919：宜鼎(5289) 個股概覽 | 個股 - 股市 - CMoney；0919：宜鼎(5289) 個股概覽 | 個股 - 股市 - cmoney.tw；0918：5289 宜鼎- 台股多頭反攻…
5347,世界,0919：討論牆 | 盤中速報 - 世界(5347)大漲9.06%，報150.5元 - today.line.me；0919：討論牆 | 盤中速報 - 世界(5347)大漲9.06%，報150.5元 - LINE TODAY；0918：世界(5347) 個股概覽 | 個股 - 股市 - CMone…
5443,均豪,0920：均豪(5443) 個股概覽 | 個股 - 股市 - CMoney；0919：討論牆 | 盤中速報 - 均豪(5443)大漲8.56%，報85元 - LINE TODAY；0919：討論牆 | 盤中速報 - 均豪(5443)大漲8.56%，報85元 - today.line.me；0918…
5475,德宏,"0920：討論牆 | 盤中速報 - 德宏(5475)股價拉至漲停，漲停價199.0元，成交5,914張 - LINE TODAY；0920：討論牆 | 盤中速報 - 德宏(5475)股價拉至漲停，漲停價199.0元，成交5,914張 - today.line.me；0918：《電零組》注意股：德宏…"
5536,聖暉*,0920：聖暉*(5536) 個股概覽 | 個股 - 股市 - CMoney；0909：聖暉*8月營收月增25.6% - TechNews 科技新報；0909：聖暉*8月營收月增25.6% - finance.technews.tw；0905：聖暉*(5536) 個股概覽 | 個股 - 股市 - …
5871,中租-KY,0920：中租-KY(5871) 個股概覽 | 個股 - 股市 - CMoney；0920：中租-KY(5871) 個股概覽 | 個股 - 股市 - cmoney.tw；0919：5871 中租-KY - 持續建倉買進，人棄我取！ - 股市爆料同學會 - CMoney；0919：5871 中租-K…
5876,上海商銀,0916：5876 上海商銀 - 今天洗到脫皮最委屈的金融股 - 股市爆料同學會 - CMoney；0916：5876 上海商銀 - 今天洗到脫皮最委屈的金融股 - 股市爆料同學會 - cmoney.tw；0916：5876 上海商銀- 美國生技指數8月已創歷史新高，莫德納「癌症疫苗」問世1天大.…
5880,合庫金,0921：公股投信四合一整併前夕爆內控爭議！高管違規遭停職，合庫金啟動查核-財經焦點情報站 - CMoney投資網誌；0921：公股投信四合一整併前夕爆內控爭議！高管違規遭停職，合庫金啟動查核-財經焦點情報站 - cmnews.com.tw；0921：合庫投信投資長驚爆「上班逛成人網」！遭檢舉看A…
6005,群益證,0921：《金融股》群益證：Q4高利率震盪 資產配置雙軌並重 - 富聯網；0918：《金融股》美中AI戰局延伸群益證辦論壇解析新商機- 上市櫃 - 旺得富理財網；0917：6005 群益證- 金融類股(部分)1-8月份自結EPS - 股市爆料同學會 - CMoney；0915：《金融股》群益證攜手…
6139,亞翔,0920：亞翔(6139) 個股概覽 | 個股 - 股市 - CMoney；0920：討論牆 | 盤後速報 - 亞翔(6139)下週(9月2日)除息23元，預估參考價777.0元 - LINE TODAY；0920：討論牆 | 盤後速報 - 亞翔(6139)下週(9月2日)除息23元，預估參考價7…
6182,合晶,"0921：6182 合晶- 明天要上山了- 股市爆料同學會 - CMoney；0920：討論牆 | 盤中速報 - 合晶(6182)股價拉至漲停，漲停價93.1元，成交23,368張 - LINE TODAY；0920：討論牆 | 盤中速報 - 合晶(6182)股價拉至漲停，漲停價93.1元，成交2…"
6187,萬潤,0920：萬潤(6187) 個股概覽 | 個股 - 股市 - CMoney；0919：萬潤(6187) 個股概覽 | 個股 - 股市 - cmoney.tw；0917：日月光斥資17.9億採購！千金股萬潤營收翻倍、營運動能再添柴火 - 鏈新聞 ABMedia；0917：日月光斥資17.9億採購！千…
6196,帆宣,0919：半導體擴產潮引爆千億商機！先進封裝與廠務供應鏈受惠，帆宣在手訂單飆升-財經焦點情報站 - CMoney投資網誌；0919：半導體擴產潮引爆千億商機！先進封裝與廠務供應鏈受惠，帆宣在手訂單飆升-財經焦點情報站 - cmnews.com.tw；0919：台積電擴廠受惠股：帆宣| 雜誌 - u…
6213,聯茂,"0921：討論牆 | 盤中速報 - 聯茂(6213)急跌-3.34%報578.0元，成交9,971張 - LINE TODAY；0921：討論牆 | 盤中速報 - 聯茂(6213)急跌-3.34%報578.0元，成交9,971張 - today.line.me；0921：焦點股》聯茂：南韓斗山宣布…"
6217,中探針,0920：6217 中探針- 漢測的小弟即將噴出趕快上車😃 - 股市爆料同學會 - CMoney；0920：討論牆 | 盤中速報 - 中探針(6217)大漲7.14%，報164.5元 - LINE TODAY；0920：討論牆 | 盤中速報 - 中探針(6217)大漲7.14%，報164.5元 -…
6223,旺矽,0921：6223 旺矽- 【00981A】09/21 操作日報｜經理人集中火力加碼台燿- 股市爆料同學會 - CMoney；0919：追隨台積、傳三星探針台採相同供應商 台廠旺矽入列 - 經濟日報；0917：個股：旺矽(6223)9/22受邀參加美銀證券舉辦之2026 Asia Pacific …
6239,力成,0921：6239 力成- 今剛帶量長紅突破季線轉強，日／週kd均維持金叉，可逢低買進！ - 股市爆料同學會 - CMoney；0921：6239 力成- 力成買回庫藏股839張，均價286.50元 - 股市爆料同學會 - CMoney；0920：討論牆 | 盤中速報 - 力成(6239)大漲7.…
6243,迅杰,"0919：討論牆 | 盤中速報 - 迅杰(6243)股價拉至漲停，漲停價50.7元，成交3,405張 - today.line.me；0919：討論牆 | 盤中速報 - 迅杰(6243)股價拉至漲停，漲停價50.7元，成交3,405張 - LINE TODAY；0912：6243 迅杰- 華碩辭董…"
6257,矽格,0921：【09/21券商評等報告彙整】矽格(6257) 今日僅1家券商發布績效評等報告，評價為看多，目標價為304元。 - CMoney；0920：6257 矽格- 飆股發動前，這幾個訊號不要再忽略了。 - 股市爆料同學會 - CMoney；0920：6257 矽格- 飆股發動前，這幾個訊號不要…
6274,台燿,0921：【13:24 即時新聞】台燿(6274) 股價走強，盤面聚焦高階CCL題材 - CMoney投資網誌；0921：【13:24 即時新聞】台燿(6274) 股價走強，盤面聚焦高階CCL題材 - cmnews.com.tw；0921：PCB族群漲跌互見！「這CCL廠」強勢回彈7.33%、台燿…
6278,台表科,0921：台表科(6278) 個股概覽 | 個股 - 股市 - CMoney；0920：討論牆 | 盤中速報 - 台表科(6278)急拉3.06%報185.5元，成交631張 - LINE TODAY；0920：討論牆 | 盤中速報 - 台表科(6278)急拉3.06%報185.5元，成交631張…
6282,康舒,0918：AI人才搶手！科技業職缺衝6.8萬筆台達電、康舒搶進校園卡位| 財經 - Newtalk新聞；0918：AI人才搶手！科技業職缺衝6.8萬筆台達電、康舒搶進校園卡位| 財經 - newtalk.tw；0916：康舒AI營收占比已升至29%，全年30%有望達標- 新聞 - MoneyDJ；…
6285,啟碁,0920：啟碁(6285) 個股概覽 | 個股 - 股市 - CMoney；0919：6285 啟碁- 換車了- 股市爆料同學會 - CMoney；0919：6285 啟碁- 換車了- 股市爆料同學會 - cmoney.tw；0918：6285 啟碁 - 通通+10 雞雞硬撑逼了1 滴？ - 股市…
6291,沛亨,0919：沛亨私募 2.4 億資金，引進光纖專利布局 CPO - 鏈新聞 ABMedia；0919：沛亨私募 2.4 億資金，引進光纖專利布局 CPO - abmedia.io；0917：【09:49 即時新聞】沛亨(6291)亮燈漲停，光纖題材買盤急拉 - CMoney投資網誌；0917：【09…
6412,群電,0921：群電(6412) 個股概覽 | 個股 - 股市 - CMoney；0920：6412 群電- 平盤缺德電真的笑爛有必要開盤嗎？ - 股市爆料同學會 - CMoney；0920：6412 群電- 這垃圾死魚量爛股又要收平盤了- 股市爆料同學會 - CMoney；0916：6412 群電 -…
6414,樺漢,0920：經濟部通過日月光、樺漢、光寶、智邦等九件、逾16.3億美元對外投資案 - 經濟日報；0920：討論牆 | 盤中速報 - 樺漢(6414)急跌-3.34%報420.0元，成交725張 - LINE TODAY；0920：討論牆 | 盤中速報 - 樺漢(6414)急跌-3.34%報420.0…
6415,矽力*-KY,0920：討論牆 | 盤中速報 - 矽力-KY(6415)大漲7.46%，報481元 - LINE TODAY；0920：討論牆 | 盤中速報 - 矽力-KY(6415)大漲7.46%，報481元 - today.line.me；0920：矽力*-KY(6415) 個股概覽 | 個股 - 股市 -…
6442,光聖,0920：光聖(6442) 個股概覽 | 個股 - 股市 - CMoney；0916：光通訊雙雄走勢「神同步」？上詮、光聖技術線圖意外相似 相同作手露馬腳 - 台灣好新聞；0916：光通訊雙雄走勢「神同步」？上詮、光聖技術線圖意外相似 相同作手露馬腳 - taiwanhot.net；0912：焦點…
6446,藥華藥,"0921：6446 藥華藥 - 目前看起來完全符合我上週猜測的劇本 進0050後主力的空單... - 股市爆料同學會 - cmoney.tw；0921：藥華藥新適應症獲准，4,600萬美元設廠計畫布局長期供應 - CMoney；0921：6446 藥華藥 - 會不會這次洗到年底🤔 - 股市爆料同學…"
6451,訊芯-KY,0920：討論牆 | 盤中速報 - 訊芯-KY(6451)急拉3.57%報443.5元，成交856張 - LINE TODAY；0920：討論牆 | 盤中速報 - 訊芯-KY(6451)急拉3.57%報443.5元，成交856張 - today.line.me；0916：【11:46 即時新聞】訊…
6488,環球晶,0921：6488 環球晶- 今日操作- 股市爆料同學會 - CMoney；0920：熱門股》外資投信齊買 環球晶一度亮燈 - 自由時報；0920：半導體先進封裝佈局擴大！25公頃白埔園區即將動工，環球晶等2檔受矚目-財經焦點情報站 - CMoney投資網誌；0919：討論牆 | 盤中速報 - 環…
6505,台塑化,0921：6505 台塑化- 送分題長期破150都沒問題- 股市爆料同學會 - CMoney；0921：煉油利差維持高檔助攻獲利 法人調高台塑化目標價 - UDN；0921：煉油利差維持高檔助攻獲利 法人調高台塑化目標價 - udn；0920：6505 台塑化 - 無法知道未來的股價 但是知道做最…
6510,精測,0921：漢測明日掛牌上櫃！AI測試「四大天王」比價戰開打專家拆解獲利關鍵：精測走穩健、「這檔」動能強勁- 上市櫃 - 旺得富理財網；0921：討論牆 | 盤中速報 - 精測(6510)大漲7.06%，報2790元 - LINE TODAY；0921：討論牆 | 盤中速報 - 精測(6510)大漲…
6515,穎崴,0921：6515 穎崴- 🔴【中秋變盤開始了？高價股拉高走低，大戶疑似借高脫逃】 - 股市爆料同學會 - CMoney；0921：6515 穎崴 - 好驚人，發生啥事呀😭 - 股市爆料同學會 - CMoney；0921：盤中速報 - 穎崴(6515)股價殺至跌停，跌停價5795.0元，成交925…
6526,達發,0921：【12:38 即時新聞】達發(6526)盤中走強，買盤續集中網通與光通訊題材 - CMoney投資網誌；0921：【12:38 即時新聞】達發(6526)盤中走強，買盤續集中網通與光通訊題材 - cmnews.com.tw；0921：達發(6526) 個股概覽 | 個股 - 股市 - C…
6531,愛普*,0919：6531 愛普* - 加上GDR，財務模型估明年可以賺65元=9+12+18+26 - 股市爆料同學會 - CMoney；0919：6531 愛普* - 加上GDR，財務模型估明年可以賺65元=9+12+18+26 - 股市爆料同學會 - cmoney.tw；0918：6531 愛普* …
6640,均華,0920：討論牆 | 盤中速報 - 均華(6640)大漲7.04%，報1045元 - LINE TODAY；0920：討論牆 | 盤中速報 - 均華(6640)大漲7.04%，報1045元 - today.line.me；0919：討論牆 | 盤中速報 - 均華(6640)大漲7.41%，報100…
6643,M31,0921：M31(6643) 個股概覽 | 個股 - 股市 - CMoney；0921：【12:52 即時新聞】M31(6643)盤中走強攻高，AI高速傳輸IP題材受關注 - CMoney投資網誌；0921：6643 M31 - 完全命中- 股市爆料同學會 - CMoney；0907：M31(66…
6664,群翊,0919：討論牆 | 盤中速報 - 群翊(6664)大漲8.89%，報337元 - LINE TODAY；0919：討論牆 | 盤中速報 - 群翊(6664)大漲8.89%，報337元 - today.line.me；0915：6664 群翊 - 每天就是在7788… - 股市爆料同學會 - CM…
6669,緯穎,0921：《電週邊》緯穎8月營收超預期 外資調升目標價至3777元 - 富聯網；0921：緯穎董座：AI客戶擴大，台灣迎圓夢走向造夢新機會 - Yahoo股市；0921：AI 數位員工2027年上班！緯穎：不用舊 KPI 管理 AI 的新境界 | AI職場變形記 | 專題 - 經濟日報；0921：…
6672,騰輝電子-KY,"0920：討論牆 | 盤中速報 - 騰輝電子-KY(6672)股價拉至漲停，漲停價199.0元，成交2,027張 - LINE TODAY；0920：討論牆 | 盤中速報 - 騰輝電子-KY(6672)股價拉至漲停，漲停價199.0元，成交2,027張 - today.line.me；0920：討…"
6683,雍智科技,0921：《半導體》注意股：雍智科技 近5日漲29.46% - 富聯網；0921：雍智科技波段漲幅近3成 自結8月每股賺1.3元 - 自由財經；0921：雍智科技波段漲幅近3成 自結8月每股賺1.3元 - 聚財網；0920：討論牆 | 盤中速報 - 雍智科技(6683)股價拉至漲停，漲停價1395…
6691,洋基工程,0917：《其他電》洋基工程9月24日受邀參加富邦證法說 - 富聯網；0917：《其他電》洋基工程9月24日受邀參加富邦證法說 - ww2.money-link.com.tw；0916：6691 洋基工程- 韓籍啦啦隊女神最強「中文怪物」降臨金泰希加盟洋基女孩- 股市爆料同學會 - CMoney；…
6693,廣閎科,0916：【12:19 即時新聞】廣閎科(6693)走強逾7% 聚焦營收連創新高 - CMoney投資網誌；0916：【12:19 即時新聞】廣閎科(6693)走強逾7% 聚焦營收連創新高 - cmnews.com.tw；0915：【26Q2財報公告】廣閎科(6693) Q2 營收6.5242億元…
6770,力積電,0921：00888ETF換股聚焦AI與半導體新增奇鋐、力積電等7檔個股| 金融 - 太報 TaiSounds；0921：00888ETF換股聚焦AI與半導體新增奇鋐、力積電等7檔個股| 金融 - taisounds.com；0921：南亞科華邦電、力積電旺宏威剛…陳俊聖一句記憶體已不缺全打趴「僅…
6789,采鈺,0921：采鈺(6789) 個股概覽 | 個股 - 股市 - CMoney；0919：采鈺(6789) 個股概覽 | 個股 - 股市 - cmoney.tw；0918：6789 采鈺- 生醫與無人機大升級！台康生、聚陽、采鈺及愛國者綠能通過經部A+計畫- 股市爆料同學會 - CMoney；0918…
6805,富世達,0921：【0921法人焦點】市場最新個股動態：聚陽(1477 TT)、富世達(6805 TT)、葡萄王(1707 TT)｜豐雲學堂2026 年 09 月 - sinotrade.com.tw；0921：【12:55 即時新聞】富世達(6805)盤中續強，AI液冷與摺疊手機題材受關注 - CMon…
6919,康霈*,0921：康霈*(6919) 個股概覽 | 個股 - 股市 - CMoney；0921：康霈* (6919) 本公司新藥CBL-514注射劑用於治療竇根氏症之二期臨床試驗取得最終統計結果，其主要療效指標在統計上達到顯著有效意義。 - geneonline.news；0920：6919 康霈* - …
7711,永擎,0920：永擎(7711) 個股概覽 | 個股 - 股市 - CMoney；0920：7711 永擎- NVIDIA與AMD傾向季底一次性供貨，造成永擎營收的落差？ - 股市爆料同學會 - CMoney；0920：7711 永擎- NVIDIA與AMD傾向季底一次性供貨，造成永擎營收的落差？ - …
7717,萊德光電-KY,0918：低軌衛星規格迭代，萊德光電-KY量價動能看增- 新聞 - MoneyDJ；0918：7717 萊德光電-KY - 阿姨一鼓作氣高潮噴出吧- 股市爆料同學會 - CMoney；0918：7717 萊德光電-KY - 阿姨一鼓作氣高潮噴出吧- 股市爆料同學會 - cmoney.tw；0918…
7728,光焱科技,0920：討論牆| 光焱科技(7728)矽光子占比一年衝4倍！NightJar-H年底迎HVM驗證、新廠年產能上看250台 - LINE TODAY；0920：討論牆| 光焱科技(7728)矽光子占比一年衝4倍！NightJar-H年底迎HVM驗證、新廠年產能上看250台 - today.line…
7734,印能科技,0921：印能科技(7734) 個股概覽 | 個股 - 股市 - CMoney；0920：討論牆 | 盤中速報 - 印能科技(7734)大漲7.44%，報3090元 - LINE TODAY；0920：討論牆 | 盤中速報 - 印能科技(7734)大漲7.44%，報3090元 - today.li…
7750,新代,0919：新代(7750) 個股概覽 | 個股 - 股市 - CMoney；0919：新代(7750) 個股概覽 | 個股 - 股市 - cmoney.tw；0919：討論牆 | 盤中速報 - 新代(7750)股價拉至漲停，漲停價2350.0元，成交200張 - LINE TODAY；0913：升…
7769,鴻勁,0921：7769 鴻勁- 【09/21 產業即時新聞】半導體設備族群拉回修正，龍頭廠分化、個股逆勢突圍- 股市爆料同學會 - cmoney.tw；0921：7769 鴻勁- 【09/21 產業即時新聞】半導體設備族群拉回修正，龍頭廠分化、個股逆勢突圍- 股市爆料同學會 - CMoney；0921…
7792,安葆,0920：討論牆 | 盤中速報 - 安葆(7792)急拉3.33%報310.5元，成交713張 - LINE TODAY；0920：討論牆 | 盤中速報 - 安葆(7792)急拉3.33%報310.5元，成交713張 - today.line.me；0919：討論牆 | 盤中速報 - 安葆(779…
7828,創新服務,0920：討論牆 | 盤中速報 - 創新服務(7828)急拉3.66%報1650.0元，成交228張 - LINE TODAY；0920：討論牆 | 盤中速報 - 創新服務(7828)急拉3.66%報1650.0元，成交228張 - today.line.me；0919：討論牆 | 盤中速報 - …
7856,漢測,0921：蘇元和觀點》台股量縮錢去哪？8656億資金卡在漢測 為何38萬人搶申購？ - Newtalk新聞；0921：準上櫃：漢測(7856)9/22上櫃買賣，並自同日起終止興櫃交易 - 富聯網；0920：申購收破215億元！漢測22日正式上櫃 抽籤凍結8656億創紀錄 - FTNN 新聞；092…
8021,尖點,0921：《台北股市》注意股：21日37檔禾伸堂、尖點、瀚荃、穩懋、世紀*等 - 上市櫃 - 旺得富理財網；0921：8021 尖點 - 恭喜發財❤️ - 股市爆料同學會 - CMoney；0921：尖點(8021)毛利率衝41.8%，卻先收起漲價牌？2027年成長靠什麼接棒 - news.cny…
8027,鈦昇,0920：討論牆 | 盤中速報 - 鈦昇(8027)大漲7.08%，報181元 - LINE TODAY；0920：討論牆 | 盤中速報 - 鈦昇(8027)大漲7.08%，報181元 - today.line.me；0918：8027鈦昇:AI算力引爆玻璃基板封裝新戰局 - CMoney；091…
8028,昇陽半導體,0920：8028 昇陽半導體- 美國生技指數8月創歷史新高，莫德納「癌症疫苗」問世，1天大... - 股市爆料同學會 - CMoney；0920：昇陽半導體(8028) 個股概覽 | 個股 - 股市 - CMoney；0919：昇陽半導體(8028) 個股概覽 | 個股 - 股市 - cmone…
8039,台虹,"0921：討論牆 | 盤中速報 - 台虹(8039)股價殺至跌停，跌停價294.5元，成交34,111張 - LINE TODAY；0921：討論牆 | 盤中速報 - 台虹(8039)股價殺至跌停，跌停價294.5元，成交34,111張 - today.line.me；0921：台虹(8039) …"
8046,南電,0921：8046 南電 - 景碩 欣興 都紅 就我獨憔悴‘’ - 股市爆料同學會 - CMoney；0921：PCB族群漲跌互見！「這CCL廠」強勢回彈7.33%、台燿同步飆近半根欣興連2漲重返千金、南電卻跌3.64% - FTNN 新聞；0920：9月20號8046南電盤後分析 - cmone…
8070,長華*,0914：長華*(8070) 個股概覽 | 個股 - 股市 - CMoney；0914：長華*(8070) 個股概覽 | 個股 - 股市 - cmoney.tw；0911：8070 長華* - 怎麼輸？ - 股市爆料同學會 - CMoney；0910：8070 長華* - 9/10法人動態- 股市…
8155,博智,0917：討論牆 | 盤中速報 - 博智(8155)大跌7.06%，報283元 - LINE TODAY；0917：討論牆 | 盤中速報 - 博智(8155)大跌7.06%，報283元 - today.line.me；0915：8155 博智 - 別假了，拉上去出貨再下來 - 股市爆料同學會 - …
8210,勤誠,0920：勤誠(8210) 個股概覽 | 個股 - 股市 - CMoney；0919：勤誠(8210) 個股概覽 | 個股 - 股市 - cmoney.tw；0915：勤誠9月下旬拉貨可望回溫，Q4營運有望轉強- 新聞 - MoneyDJ；0915：勤誠9月下旬拉貨可望回溫，Q4營運有望轉強- 新…
8299,群聯,0921：記憶體IC設計走強，法人買盤能否延續群聯與鈺創-思齊波段操盤手 - CMoney投資網誌；0921：2027 AI供應鏈！國巨、群聯、華通誰能吃最大商機？ - Newtalk新聞；0921：8299 群聯- 宏碁董座喊「記憶體不缺了」 PC業界炸鍋：陳俊聖「很狀況外」 - 股市爆料同學會…
8358,金居,0921：【09/21 產業即時新聞】銅箔族群拉回整理，金居遭逢賣壓、榮科逆勢點火 - CMoney投資網誌；0921：8358 金居 - 大盤五萬會不會都還沒回歷史高點== - 股市爆料同學會 - CMoney；0920：討論牆 | 盤中速報 - 金居(8358)大漲7.68%，報483元 - …
8996,高力,0921：【12:18 即時新聞】高力(8996)勁揚逾6% AI液冷散熱擴產成盤中焦點 - CMoney投資網誌；0920：8996 高力- 又高又夠力跪求目標價- 股市爆料同學會 - CMoney；0920：討論牆 | 盤中速報 - 高力(8996)大漲7.11%，報1275元 - LINE …
009816,凱基台灣TOP50,0921：多頭趨勢不變！009816 突破歷史新高、半年狂飆6成靠「定期定額＋逢低加碼」長線勝率高| 觀傳媒 - today.line.me；0920：00403A股民再創低慘輸009816！資產規模遭「這2檔」狠超車 外資連搶7周掃貨9萬張入袋 - FTNN 新聞；0920：00403A股民再創…
009820,元大納斯達克精選,0920：NASDAQ 100近月強勁彈升！009820勁揚11% 稱霸同類型ETF - news.cnyes.com；0920：NASDAQ 100近月強勁彈升！009820勁揚11% 稱霸同類型ETF - Yahoo股市；0827：輝達財報粉碎 AI 泡沫論！高含輝 009820 狂飆近 10…
009823,群益S&P500,近期待間無可用新聞。
009824,群益美國科技巨頭,0903：11檔 ETF 新兵大閱兵 美股 ETF 009823、009824表現最亮眼 - 經濟日報；0903：11檔 ETF 新兵大閱兵 美股 ETF 009823、009824表現最亮眼 - money.udn.com；0903：15檔股票 ETF 創高價 009824近周漲幅上看4.55%…
00631L,元大台灣50正2,0919：00631L套牢近3成「死抱快解套」！他喊一張不賣等300元 網卻吵翻：正二能長抱？ - UDN；0919：00631L套牢近3成「死抱快解套」！他喊一張不賣等300元 網卻吵翻：正二能長抱？ - udn.com；0919：00631L套牢近3成「死抱快解套」！他喊一張不賣等300元 網…
00679B,元大美債20年,0915：《基金》元大投信ETF導入海外證券出借 00679B搶頭香 - 富聯網；0915：美債ETF也能「收租」！元大00679B出新招除了領債息再添收益來源| 財經 - Newtalk新聞；0915：美債ETF也能「收租」！元大00679B出新招除了領債息再添收益來源| 財經 - newtal…
00685L,群益臺灣加權正2,0917：00685L 群益臺灣加權正2 - Catmumu 9/17小資散戶投資日記📝｜9月中小結✍️ - 股市爆料同學會 - CMoney；0917：00685L 群益臺灣加權正2 - Catmumu 9/17小資散戶投資日記📝｜9月中小結✍️ - 股市爆料同學會 - cmoney.tw；09…
00687B,國泰20年美債,0907：美長債、非投等債搶鏡 00953B、00687B、00679B發功躋身日均量前三強 - 經濟日報
00937B,群益ESG投等債20+,0918：00937B 群益ESG投等債20+ - 上櫃自營商買超一週以來排行- 股市爆料同學會 - CMoney；0918：00937B 群益ESG投等債20+ - 上櫃自營商買超一週以來排行- 股市爆料同學會 - cmoney.tw；0917：00937B 群益ESG投等債20+ - 利空出盡…
00953B,群益優選非投等債,0920：升息及股市震盪牽動避險情緒 非投等債熱度高 00953B人氣最旺 - UDN；0920：升息及股市震盪牽動避險情緒非投等債熱度高00953B人氣最旺| 存股族愛ETF | 股市 - udn；0920：升息及股市震盪牽動避險情緒非投等債熱度高00953B人氣最旺| 存股族愛ETF | 股市…
00981A,主動統一台股增長,0921：00981A 主動統一台股增長- 你買ETF基本上也可以看哪一家大銀行出的❓❓ - 股市爆料同學會 - CMoney；0921：台股大漲538點逼近前高！主動式ETF齊揚 00981A漲1.72%奪冠 - news.nextapple.com；0921：2026/09/21 00981A…
