Ticker	Name	自選分類
0056	元大高股息	ETF
00662	富邦NASDAQ	ETF
00878	國泰永續高股息	ETF
00892	富邦台灣半導體	ETF
00919	群益台灣精選高息	ETF
00941	中信上游半導體	ETF
1101	台泥	1.留意賣;TAIEX100;杜金龍
1216	統一	1.留意賣;TAIEX100
1301	台塑	TAIEX100
1303	南亞	TAIEX100;燕俐
1319	東陽	2.再鑽
1326	台化	TAIEX100
1402	遠東新	TAIEX100
1503	士電	電力重電
1504	東元	TAIEX100
1513	中興電	電力重電
1514	亞力	電力重電
1519	華城	TAIEX100;燕俐;電力重電
1532	勤美	1.留意賣
1560	中砂	TAIEX100;台積電大聯盟;杜金龍;蜀芳;陳昆仁
1590	亞德客-KY	TAIEX100;燕俐
1605	華新	TAIEX100
1711	永光	特化
1717	長興	特化
1727	中華化	燕俐;特化
1785	光洋科	TPEx100
1802	台玻	TAIEX100;燕俐;蜀芳
1815	富喬	TPEx100;燕俐;蜀芳
2002	中鋼	TAIEX100
2059	川湖	TAIEX100;杜金龍;燕俐;蔡明翰;陳昆仁
2207	和泰車	TAIEX100
2233	宇隆	燕俐
2301	光寶科	TAIEX100;杜金龍;燕俐;蜀芳;陳昆仁;電力重電
2303	聯電	TAIEX100;杜金龍;燕俐;陳昆仁
2308	台達電	1.留意賣;TAIEX100;散熱;蔡明翰;陳昆仁;電力重電
2313	華通	1.留意賣;2.再鑽;ABF載板;TAIEX100;低軌衛星;燕俐
2317	鴻海	1.留意賣;2.再鑽;TAIEX100;光通訊COUPE
2324	仁寶	TAIEX100
2327	國巨*	TAIEX100
2330	台積電	1.留意賣;TAIEX100;陳昆仁
2337	旺宏	TAIEX100
2338	光罩	蔡明翰
2344	華邦電	TAIEX100;蔡明翰;蜀芳
2345	智邦	1.留意賣;2.再鑽;TAIEX100;杜金龍;燕俐;蔡明翰
2347	聯強	TAIEX100
2353	宏碁	蔡明翰
2356	英業達	TAIEX100
2357	華碩	TAIEX100;杜金龍;蔡明翰
2360	致茂	2.再鑽;TAIEX100;光通訊COUPE
2367	燿華	低軌衛星
2368	金像電	ABF載板;TAIEX100;燕俐;蔡明翰;蜀芳;陳昆仁
2376	技嘉	TAIEX100
2377	微星	蔡明翰
2379	瑞昱	TAIEX100
2382	廣達	2.再鑽;TAIEX100;蔡明翰
2383	台光電	1.留意賣;CCL ASIC;TAIEX100;低軌衛星;蔡明翰;蜀芳
2395	研華	TAIEX100;燕俐;蔡明翰
2402	毅嘉	蜀芳
2404	漢唐	1.留意賣;2.再鑽;TAIEX100;台積電大聯盟;陳昆仁
2406	國碩	低軌衛星
2408	南亞科	TAIEX100;杜金龍;蔡明翰;蜀芳;陳昆仁
2409	友達	TAIEX100;玻璃基版
2412	中華電	TAIEX100
2449	京元電子	2.再鑽;TAIEX100
2454	聯發科	1.留意賣;2.再鑽;CCL ASIC;TAIEX100;蔡明翰;蜀芳
2455	全新	光通訊COUPE;蜀芳
2467	志聖	台積電大聯盟;蔡明翰;蜀芳
2481	強茂	燕俐;蜀芳
2486	一詮	散熱;蜀芳
2492	華新科	TAIEX100
2603	長榮	TAIEX100
2609	陽明	TAIEX100
2615	萬海	TAIEX100
2618	長榮航	TAIEX100;杜金龍
2801	彰銀	TAIEX100
2834	臺企銀	TAIEX100
2880	華南金	TAIEX100
2881	富邦金	1.留意賣;TAIEX100;杜金龍
2882	國泰金	TAIEX100
2883	凱基金	TAIEX100
2884	玉山金	TAIEX100
2885	元大金	1.留意賣;TAIEX100
2886	兆豐金	TAIEX100
2887	台新新光金	TAIEX100
2890	永豐金	TAIEX100
2891	中信金	1.留意賣;TAIEX100
2892	第一金	TAIEX100
2912	統一超	TAIEX100
3008	大立光	1.留意賣;TAIEX100;杜金龍;蔡明翰;蜀芳;陳昆仁
3017	奇鋐	2.再鑽;TAIEX100;散熱;燕俐;蔡明翰;蜀芳
3034	聯詠	TAIEX100
3035	智原	燕俐
3036	文曄	TAIEX100
3037	欣興	ABF載板;TAIEX100;杜金龍;燕俐;蜀芳;陳昆仁
3044	健鼎	TAIEX100;燕俐
3045	台灣大	TAIEX100
3081	聯亞	TPEx100;光通訊COUPE;燕俐;陳昆仁
3105	穩懋	TPEx100;低軌衛星;蔡明翰;蜀芳
3131	弘塑	2.再鑽;TPEx100;台積電大聯盟;燕俐
3138	耀登	低軌衛星
3149	正達	玻璃基版
3163	波若威	2.再鑽;TPEx100;光通訊COUPE;蜀芳;陳昆仁
3167	大量	蜀芳
3178	公準	蔡明翰
3189	景碩	ABF載板;TAIEX100;燕俐;蜀芳;陳昆仁
3211	順達	TPEx100;陳昆仁
3227	原相	TPEx100
3231	緯創	2.再鑽;TAIEX100;蔡明翰;陳昆仁
3234	光環	TPEx100;光通訊COUPE
3260	威剛	TPEx100
3264	欣銓	TPEx100;燕俐
3265	台星科	TPEx100;燕俐
3289	宜特	光通訊COUPE
3293	鈊象	TPEx100
3324	雙鴻	2.再鑽;TPEx100;散熱
3357	臺慶科	TPEx100
3362	先進光	TPEx100
3363	上詮	TPEx100;光通訊COUPE;燕俐
3374	精材	TPEx100;光通訊COUPE;台積電大聯盟
3376	新日興	2.再鑽
3443	創意	2.再鑽;TAIEX100;台積電大聯盟;燕俐;蔡明翰;陳昆仁
3450	聯鈞	光通訊COUPE;燕俐;蜀芳;陳昆仁
3481	群創	TAIEX100;杜金龍;玻璃基版
3491	昇達科	2.再鑽;TPEx100;低軌衛星;蔡明翰
3526	凡甲	TPEx100
3529	力旺	TPEx100;燕俐
3532	台勝科	TAIEX100;陳昆仁
3533	嘉澤	TAIEX100;燕俐
3563	牧德	2.再鑽;蜀芳
3583	辛耘	台積電大聯盟;燕俐;蔡明翰
3587	閎康	光通訊COUPE
3605	宏致	蜀芳;陳昆仁
3645	達邁	蜀芳
3653	健策	2.再鑽;TAIEX100;散熱;燕俐;陳昆仁
3661	世芯-KY	1.留意賣;2.再鑽;CCL ASIC;TAIEX100;燕俐;蜀芳;陳昆仁
3665	貿聯-KY	1.留意賣;2.再鑽;TAIEX100;燕俐;蔡明翰;陳昆仁;電力重電
3673	TPK-KY	玻璃基版
3675	德微	TPEx100
3680	家登	2.再鑽;TPEx100;台積電大聯盟;杜金龍;蔡明翰;陳昆仁
3693	營邦	TPEx100
3701	大眾控	光通訊COUPE
3702	大聯大	TAIEX100;燕俐
3707	漢磊	TPEx100
3711	日月光投控	TAIEX100;光通訊COUPE
3715	定穎投控	燕俐;蜀芳
3718	中光電投控	TPEx100
4105	東洋	TPEx100
4123	晟德	TPEx100
4147	中裕	TPEx100
4506	崇友	TPEx100
4728	雙美	TPEx100
4743	合一	TPEx100
4749	新應材	2.再鑽;TPEx100;燕俐;特化
4755	三福化	特化
4768	晶呈科技	TPEx100
4772	台特化	TPEx100;特化
4904	遠傳	TAIEX100
4916	事欣科	低軌衛星
4931	新盛力	陳昆仁
4938	和碩	TAIEX100
4958	臻鼎-KY	ABF載板;TAIEX100;燕俐;蜀芳;陳昆仁
4966	譜瑞-KY	TPEx100
4971	IET-KY	TPEx100;光通訊COUPE;蜀芳
4977	眾達-KY	光通訊COUPE
4979	華星光	TPEx100;光通訊COUPE;燕俐;蜀芳;陳昆仁
4991	環宇-KY	TPEx100;光通訊COUPE;蜀芳
5009	榮剛	TPEx100
5222	全訊	低軌衛星
5234	達興材料	特化
5274	信驊	TPEx100;杜金龍;燕俐;蔡明翰
5289	宜鼎	TPEx100;燕俐
5314	世紀*	TPEx100
5340	建榮	燕俐
5347	世界	TPEx100;台積電大聯盟
5351	鈺創	TPEx100
5425	台半	TPEx100
5439	高技	TPEx100
5443	均豪	TPEx100;台積電大聯盟
5475	德宏	TPEx100;燕俐;陳昆仁
5483	中美晶	TPEx100
5530	龍巖	TPEx100
5536	聖暉*	TPEx100;台積電大聯盟
5864	致和證	TPEx100
5871	中租-KY	1.留意賣;TAIEX100
5876	上海商銀	TAIEX100
5880	合庫金	TAIEX100
5903	全家	TPEx100
5904	寶雅*	TPEx100
6005	群益證	1.留意賣
6016	康和證	TPEx100
6023	元大期	TPEx100
6121	新普	TPEx100
6138	茂達	TPEx100
6139	亞翔	TAIEX100;台積電大聯盟;陳昆仁
6146	耕興	TPEx100
6147	頎邦	TPEx100
6155	鈞寶	低軌衛星
6173	信昌電	TPEx100
6182	合晶	TPEx100;陳昆仁
6187	萬潤	1.留意賣;TPEx100;光通訊COUPE;台積電大聯盟;燕俐
6188	廣明	TPEx100
6190	萬泰科	低軌衛星
6196	帆宣	台積電大聯盟;杜金龍;蔡明翰;陳昆仁
6207	雷科	玻璃基版
6213	聯茂	2.再鑽;CCL ASIC;TAIEX100;燕俐;蔡明翰;蜀芳;陳昆仁
6217	中探針	TPEx100;探針卡
6223	旺矽	1.留意賣;TPEx100;探針卡;蔡明翰
6239	力成	TAIEX100;燕俐;蜀芳;陳昆仁
6243	迅杰	電力重電
6257	矽格	燕俐
6274	台燿	CCL ASIC;TPEx100;低軌衛星;蔡明翰;蜀芳;陳昆仁
6278	台表科	蜀芳
6282	康舒	電力重電
6285	啟碁	低軌衛星
6290	良維	TPEx100
6291	沛亨	TPEx100;蜀芳
6412	群電	電力重電
6415	矽力*-KY	TAIEX100
6442	光聖	2.再鑽;低軌衛星;光通訊COUPE;蔡明翰
6446	藥華藥	TAIEX100
6451	訊芯-KY	光通訊COUPE
6488	環球晶	TPEx100;杜金龍;陳昆仁
6505	台塑化	TAIEX100
6510	精測	1.留意賣;2.再鑽;TPEx100;光通訊COUPE;探針卡
6515	穎崴	1.留意賣;2.再鑽;TAIEX100;探針卡
6526	達發	低軌衛星;光通訊COUPE
6531	愛普*	TAIEX100;燕俐
6547	高端疫苗	TPEx100
6548	長科*	TPEx100
6561	是方	TPEx100
6584	南俊國際	TPEx100
6613	朋億*	TPEx100
6617	共信-KY	TPEx100
6620	漢達	TPEx100
6640	均華	TPEx100;台積電大聯盟;燕俐
6643	M31	TPEx100;燕俐
6664	群翊	TPEx100;台積電大聯盟
6669	緯穎	1.留意賣;2.再鑽;TAIEX100;燕俐;陳昆仁
6672	騰輝電子-KY	蜀芳
6683	雍智科技	TPEx100;探針卡
6691	洋基工程	台積電大聯盟
6693	廣閎科	電力重電
6739	竹陞科技	TPEx100
6770	力積電	TAIEX100;蔡明翰
6789	采鈺	TAIEX100;光通訊COUPE;台積電大聯盟
6803	崑鼎	TPEx100
6805	富世達	TAIEX100;散熱;燕俐;蜀芳
6903	巨漢	TPEx100
7711	永擎	蜀芳
7717	萊德光電-KY	低軌衛星
7728	光焱科技	1.留意賣
7734	印能科技	TPEx100
7751	竑騰	TPEx100
7769	鴻勁	TAIEX100;燕俐;蔡明翰
7792	安葆	TPEx100;台積電大聯盟
7805	威聯通	TPEx100
7828	創新服務	TPEx100;探針卡
7856	漢測	探針卡
8021	尖點	探針卡;燕俐
8027	鈦昇	TPEx100;燕俐;玻璃基版
8028	昇陽半導體	1.留意賣;2.再鑽;杜金龍;蜀芳;陳昆仁
8039	台虹	陳昆仁
8046	南電	ABF載板;TAIEX100;杜金龍;蜀芳
8064	東捷	TPEx100;玻璃基版
8069	元太	TPEx100
8070	長華*	蜀芳
8086	宏捷科	TPEx100
8155	博智	ABF載板;TPEx100;燕俐;蜀芳
8240	華宏	玻璃基版
8299	群聯	TPEx100;燕俐
8358	金居	ABF載板;TPEx100;燕俐;陳昆仁
8415	大國鋼	TPEx100
8932	智通*	TPEx100
8996	高力	TAIEX100;散熱;蜀芳;陳昆仁
009816	凱基台灣TOP50	ETF
009820	元大納斯達克精選	ETF
009823	群益S&P500	ETF
009824	群益美國科技巨頭	ETF
00631L	元大台灣50正2	ETF
00679B	元大美債20年	ETF
00685L	群益臺灣加權正2	ETF
00687B	國泰20年美債	ETF
00937B	群益ESG投等債20+	ETF
00953B	群益優選非投等債	ETF
00981A	主動統一台股增長	ETF
